S.No.,Fund,Vidhan Sabha,Mandal,Panchayat,Project Details,Recommended Amount,Recommended Year,Project Status
65,Khanij Mad,Barhi,Barhi,,"Construction of blood bank with pathology lab, SBMCH","46,776,500.00",2021,Completed
64,Khanij Mad,Barhi,Barhi,,Renovation of SDH Barhi,"7,768,400.00",2021,Completed
152,Khanij Mad,Barhi,Barhi,,Construction of PCC road from Chorpahar foothills in Panchayat Khodhar village Kundwa to Banjhitugnri DBC pond via Surendra Ekka's house. (1.040 km),"7,151,800.00",2022,Completed
23,Khanij Mad,Barhi,Barhi,,Strengthening the system in 40 primary schools under Hazaribagh district.,"4,537,500.00",2021,Completed
79,Khanij Mad,Barhi,Barhi,,Necessary work for symptom certification of delivery room in Community Health Center Barhi.,"3,158,550.00",2022,Completed
50,Khanij Mad,Barhi,Barhi,,Construction of new buildings of 06 Anganwadi centers,"2,994,600.00",2023,Completed
90,Khanij Mad,Barhi,Barhi,,,"823,445.00",2020,Completed
42,Khanij Mad,Barhi,Barhi,,Repair of 13 Anganwadi centers,"683,463.00",2022,Completed
34,Khanij Mad,Barhi,Barhi,,Repair of 35 Anganwadi centers,"550,191.00",2021,Completed
109,Khanij Mad,Barhi,Barhi,,Plan to develop market for goods manufactured by Sakhi Mandali,"18,750.00",2023,Completed
64,Khanij Mad,Barhi,Barhi,,"Miscellaneous works for upgradation of Barhi +2 High School, Barhi.","32,081,700.00",2022,On Going
82,Khanij Mad,Barhi,Barhi,,"Various works for upgradation of Upgraded Middle School, Bela.","11,457,600.00",2022,On Going
389,Khanij Mad,Barhi,Barhi,,Construction of the main road of Dhobiatand of Panchayat Gauriakarma under Barhi block.,"10,968,000.00",2023,On Going
83,Khanij Mad,Barhi,Barhi,,Miscellaneous works for upgradation of middle school and stores.,"9,999,300.00",2022,On Going
147,Khanij Mad,Barhi,Barhi,,Modeling of 200 Anganwadi centers,"4,000,000.00",2021,On Going
268,Khanij Mad,Barhi,Barhi,,"Upgradation work of Health Sub Center, Garwa of Barhi Block.","3,111,750.00",2023,On Going
189,Khanij Mad,Barhi,Barhi,,Modeling of 103 Anganwadi centers,"1,795,747.00",2023,On Going
12,Khanij Mad,Barhi,Barhi,,Water supply work in 25 community toilets.,"1,727,388.00",2023,On Going
277,Khanij Mad,Barhi,Barhi,,"Upgradation work of Health Sub-centre, Panchmadhav of Barhi block.","1,536,550.00",2023,On Going
206,Khanij Mad,Barhi,Barhi,,Modeling of 84 Anganwadi centers,"1,464,493.00",2023,On Going
244,Sansad Mad,Barhi,Barhi,Barhi,"Electricity supply work for operation of oxygen plot in Sub-Divisional Hospital, Barhi located in Barhi block under Hazaribagh district.","4,70,912",2022,On Going
226,Sansad Mad,Barhi,Barhi,Barhi,Installation of solar high mast light in Barhi Chowk of Barhi block.,"3,75,000",2021,On Going
351,Sansad Mad,Barhi,Barhi,Barsot,Construction of ghat in Prithvi Sagar pond in village Barsot.,"5,00,000",2023,On Going
352,Sansad Mad,Barhi,Barhi,Barsot,"Installation of Pebhar block in the premises of Kasturba Gandhi Girls High School, Sarsot, in village Barsot.","2,00,000",2023,On Going
274,Sansad Mad,Barhi,Barhi,Dapok,Deepening of Dundi pond in village Dapok.,"5,00,000",2023,On Going
201,Sansad Mad,Barhi,Barhi,Dulmaha,Construction of deep boring near the land of Asha Devi in ​​Goswami Taila in village Dulmaha.,"2,00,000",2022,Completed
204,Sansad Mad,Barhi,Barhi,Gauria,"Chapanal installation near Bajrang Bali temple in village Gauria Tola Nishatpur, Chapanal installation near Kuleshwar Saav's house in Dhobia Tand and Chapanal installation near Ashish Paswan's house in Gauria.","2,00,000",2022,On Going
202,Sansad Mad,Barhi,Barhi,Kedarut,Construction of water pipe near the house of Jugal Singh's father Lokan Singh in village Khairoin.,"70,000.00",2022,On Going
203,Sansad Mad,Barhi,Barhi,Kedarut,Construction of water pipe near the house of Varun Sav's father Fagu Sav in village Khairaun.,"70,000.00",2022,On Going
355,Sansad Mad,Barhi,Chandwara,Bendi,Pond deepening in Alagadih in Gram Panchayat Bendi.,"5,00,000",2023,On Going
300,Sansad Mad,Barhi,Chandwara,Bhondo,Construction of ghat in Begadah drain of Bhondo village and Panchayat of Chandwara block and construction of ghat in Saloni canal in Bhondo village and Panchayat of Chandwara block.,"18,00,000",2023,Completed
354,Sansad Mad,Barhi,Chandwara,West Chandwara,Construction of ghat in Gauri river in Gram Panchayat Chandwara West.,"5,00,000",2023,On Going
118,Khanij Mad,Barhi,Chauparan,,Construction of road from village Barwadih REO Road to Gayapahari of Panchayat Rampur under Block Chauparan.,"9,821,928.00",2021,Completed
129,Khanij Mad,Barhi,Chauparan,,Construction of bridge on Koel river between village Belatand of Panchayat Selharakala and Panchayat Govindpur.,"9,159,300.00",2022,Completed
63,Khanij Mad,Barhi,Chauparan,,Renovation of CHC Chauparan,"8,395,200.00",2021,Completed
128,Khanij Mad,Barhi,Chauparan,,Construction of road from village Kendua Kala of Panchayat Dadpur to upgraded middle school.,"6,146,200.00",2021,Completed
17,Khanij Mad,Barhi,Chauparan,,Strengthening the system in 40 primary schools under Hazaribagh district.,"4,537,500.00",2021,Completed
81,Khanij Mad,Barhi,Chauparan,,"Necessary work for self-certification of delivery room in Community Health Centre, Chauparan.","1,391,700.00",2022,Completed
92,Khanij Mad,Barhi,Chauparan,,,"823,445.00",2022,Completed
39,Khanij Mad,Barhi,Chauparan,,Repair of 35 Anganwadi centers,"550,191.00",2021,Completed
103,Khanij Mad,Barhi,Chauparan,,Plan to develop market for goods manufactured by Sakhi Mandali,"18,750.00",2023,Completed
54,Khanij Mad,Barhi,Chauparan,,"Miscellaneous works for strengthening/upgradation of KBS+2 High School, Chauparan.","30,734,100.00",2022,On Going
320,Khanij Mad,Barhi,Chauparan,,Construction of road from Chauparan NH 2 Sindharaw to Sunder Lal Jain High School under Block Chauparan.,"9,468,600.00",2021,On Going
372,Khanij Mad,Barhi,Chauparan,,Construction of 1.200 km road from REO Road Selhara Kala - Selharakhurd to PWD Road Nawadih.,"9,217,700.00",2022,On Going
85,Khanij Mad,Barhi,Chauparan,,"Miscellaneous work for upgradation of Middle School, Rampur.","9,091,700.00",2022,On Going
337,Khanij Mad,Barhi,Chauparan,,Construction of road from Panchayat Debo REO Road to Koriyadih School via Jokahi.,"8,960,100.00",2022,On Going
84,Khanij Mad,Barhi,Chauparan,,"Miscellaneous works for upgradation of Middle School, Chauparan.","8,285,100.00",2022,On Going
387,Khanij Mad,Barhi,Chauparan,,Construction of road from village Belatand to Nayakhap Sirma under Chauparan block.,"8,040,200.00",2023,On Going
114,Khanij Mad,Barhi,Chauparan,,"Miscellaneous works for upgradation of Project +2 High School, Rampur.","7,570,800.00",2023,On Going
368,Khanij Mad,Barhi,Chauparan,,PWD Construction of road from Chauparan Chatra Road Chhatrapura turn to Chhatrapura. (0.850 km),"6,640,800.00",2022,On Going
359,Khanij Mad,Barhi,Chauparan,,Road construction from REO Red Debo to Surahi. (0.850 km),"6,485,300.00",2022,On Going
153,Khanij Mad,Barhi,Chauparan,,Modeling of 200 Anganwadi centers,"4,000,000.00",2021,On Going
274,Khanij Mad,Barhi,Chauparan,,"Upgradation work of Health Sub-Centre, Tithi of Chowparan Block.","2,126,450.00",2023,On Going
183,Khanij Mad,Barhi,Chauparan,,Modeling of 103 Anganwadi centers,"1,795,747.00",2023,On Going
278,Khanij Mad,Barhi,Chauparan,,"Upgradation work of health sub-centre, Pandeywara of Chauparan block.","1,750,300.00",2023,On Going
200,Khanij Mad,Barhi,Chauparan,,Modeling of 84 Anganwadi centers,"1,464,493.00",2023,On Going
59,Khanij Mad,Barhi,Chauparan,,Arrangement of drinking water in Panchayat Bachhai Model School.,"1,092,640.00",2022,On Going
177,Sansad Mad,Barhi,Chauparan,Bachhahi,Water supply installation near Niranjan Saav's house in Panchayat Bachchai village Dumri.,"65,933.00",2022,On Going
168,Sansad Mad,Barhi,Chauparan,Bela,Construction of crematorium in village Rupin.,"2,00,000",2022,Completed
173,Sansad Mad,Barhi,Chauparan,Belahi,Construction of PCC path from Jagdish Rajak's house in Panchayat Belahi village Partapur to Gajadhar Prasad's house via Bajrang Bali temple.,"4,00,000",2022,Completed
344,Sansad Mad,Barhi,Chauparan,Belahi,Deepening of village Partapur Guhila canal.,"5,00,000",2023,On Going
178,Sansad Mad,Barhi,Chauparan,Belahi,Construction of deep boring near Arjun Prasad's house in village Partapur.,"2,00,000",2022,On Going
241,Sansad Mad,Barhi,Chauparan,Belahi,Construction of stairs in the pond near Shiv temple in village Barwadih.,"2,00,000",2020,On Going
166,Sansad Mad,Barhi,Chauparan,Chaithi,Construction of PCC road from Arya Road to the premises of National Public School in village Chauthi.,"2,00,000",2022,Completed
172,Sansad Mad,Barhi,Chauparan,Dadpur,Deepening of village Dadpur Siring canal of Panchayat Dadpur.,"4,00,000",2022,Completed
167,Sansad Mad,Barhi,Chauparan,Dadpur,Construction of shed in cremation ground in village Dadpur.,"2,00,000",2022,Completed
346,Sansad Mad,Barhi,Chauparan,Dadpur,Deepening of village Dadpur Toli pond.,"5,00,000",2023,On Going
223,Sansad Mad,Barhi,Chauparan,Debo,Construction of shed in the cremation ground in village Chak.,"2,00,000",2022,On Going
179,Sansad Mad,Barhi,Chauparan,Govindpur,Construction of PCC road from the main road in village Govindpur from Tulsi Ram's house to Baiju Ram's house.,"2,00,000",2022,On Going
174,Sansad Mad,Barhi,Chauparan,Jagdishpur,Deepening of Doman Ahar in village Pipra of Panchayat Jagdishpur.,"4,00,000",2022,Completed
171,Sansad Mad,Barhi,Chauparan,Jagdishpur,Construction of soil moram road from Babu Ahri in village Pipra to Simana Chapri after Vichali.,"2,50,000",2022,Completed
180,Sansad Mad,Barhi,Chauparan,Jagdishpur,Construction of water pipe near Mohan Thakur's house in village Jagdishpur.,"48,500.00",2022,On Going
218,Sansad Mad,Barhi,Chauparan,Jagdishpur,Construction of water pipe near Shankar Thakur's house in village Jagdishpur.,"48,500.00",2022,On Going
219,Sansad Mad,Barhi,Chauparan,Jagdishpur,Construction of water pipe near the house of Bajo Singh in village Jagdishpur.,"48,500.00",2022,On Going
288,Sansad Mad,Barhi,Chauparan,Jhapa,Construction and beautification of ghat in Parsahi canal in village Benduara.,"5,00,000",2023,On Going
245,Sansad Mad,Barhi,Chauparan,Jhapa,Construction of Pebhar Block on the public Chaupal in front of Dilchand Sao's house in Tola Khilahi (Mauza Bedhna) of Panchayat Jhapa village Bisanpur.,"2,00,000",2022,On Going
246,Sansad Mad,Barhi,Chauparan,Karma,"In place of construction of a cultural building in Panchayat Chauparan village Jokat, construction of a cultural building in the premises of Jannayak Karpuri Bhavan in Panchayat Karma village Jokat of Chauparan block.","10,00,000",2023,On Going
163,Sansad Mad,Barhi,Chauparan,Maangarh,Construction of drain from Mohan Saav's house to Lakhan Bhuiyan's house in village Koylikala.,"2,00,000",2022,Completed
164,Sansad Mad,Barhi,Chauparan,Maangarh,Construction of PCC path from Arjun Kumar Sinha's house to Om Prakash Sinha's house in village Lohandi.,"2,00,000",2022,Completed
349,Sansad Mad,Barhi,Chauparan,Padaria,Deepening and beautification of Bandhiya Canal in Padaria.,"5,00,000",2023,On Going
243,Sansad Mad,Barhi,Chauparan,Padaria,Construction of drain from Somar Yadav's house to Peepal tree in Padaria of Panchayat Padaria.,"2,00,000",2022,On Going
297,Sansad Mad,Barhi,Chauparan,Rampur,Deepening of Bajhara canal in village Bhagwanpur.,"5,00,000",2023,On Going
242,Sansad Mad,Barhi,Chauparan,Rampur,Deepening of Surahi canal in Panchayat Rampur village Rampur instead of renovation of Surahi canal in Surahi Tola in village Rampur.,"4,00,000",2020,On Going
175,Sansad Mad,Barhi,Chauparan,Rampur,Water supply installation near Rajdeep Saav's house in Vrinda of Panchayat Rampur.,"65,933.00",2022,On Going
176,Sansad Mad,Barhi,Chauparan,Rampur,Water supply installation near the house of Dwarika Prasad Gupta in Petula of Panchayat Rampur.,"65,933.00",2022,On Going
220,Sansad Mad,Barhi,Chauparan,Selharakala,Construction of water pipe near Satsang Bhawan in village Pathra.,"50,000.00",2022,On Going
222,Sansad Mad,Barhi,Chauparan,Selharakala,Construction of water pipe near the crematorium in village Pathra.,"50,000.00",2022,On Going
170,Sansad Mad,Barhi,Chauparan,Singhrawan,Construction of stairs on the river ghat in village Sindharava.,"2,00,000",2022,Completed
287,Sansad Mad,Barhi,Chauparan,Singhrawan,Construction and beautification of ghat and shed in village Tithi Khapiya canal.,"5,00,000",2023,On Going
240,Sansad Mad,Barhi,Chauparan,Singhrawan,Construction of chapanal near the house of Nikesh Prasad Rukhaiyar in village Tithi.,"70,000.00",2022,On Going
169,Sansad Mad,Barhi,Chauparan,Tajpur,Construction of deep boring on the land of Rajesh Sahay in village Tajpur.,"2,00,000",2022,Completed
165,Sansad Mad,Barhi,Chauparan,Tajpur,Construction of boundary wall and gate in Ideal Middle School Chauparan in village Tajpur.,"10,00,000",2022,Completed
275,Sansad Mad,Barhi,Chauparan,Tajpur,Deepening of Simaria Canal in village Tajpur.,"5,00,000",2023,On Going
127,Khanij Mad,Barhi,Padma,,PCC road construction from Sanjay Yadav's house in village Padma to Karamtand Alinagar NH 33 main road.,"8,242,500.00",2021,Completed
151,Khanij Mad,Barhi,Padma,,Construction of PCC road from Atul Mishra's house in village Kandadaag towards Padma. (0.790 km),"5,483,200.00",2022,Completed
21,Khanij Mad,Barhi,Padma,,Strengthening the system in 40 primary schools under Hazaribagh district.,"4,537,500.00",2021,Completed
47,Khanij Mad,Barhi,Padma,,Repair of 13 Anganwadi centers,"683,463.00",2022,Completed
40,Khanij Mad,Barhi,Padma,,Repair of 35 Anganwadi centers,"550,191.00",2022,Completed
107,Khanij Mad,Barhi,Padma,,Plan to develop market for goods manufactured by Sakhi Mandali,"18,750.00",2022,Completed
63,Khanij Mad,Barhi,Padma,,"R0N0 +2 High School in the post, miscellaneous work for promotion to the post.","17,253,700.00",2022,On Going
80,Khanij Mad,Barhi,Padma,,Various works for the upgradation of upgraded middle school Jihu Arar.,"8,610,600.00",2022,On Going
78,Khanij Mad,Barhi,Padma,,"Miscellaneous work for upgradation of Middle School, Suryapura.","7,530,500.00",2022,On Going
403,Khanij Mad,Barhi,Padma,,Surge irrigation scheme on Kevata river in village Padma.,"6,204,900.00",2021,On Going
154,Khanij Mad,Barhi,Padma,,Modeling of 200 Anganwadi centers,"4,000,000.00",2021,On Going
267,Khanij Mad,Barhi,Padma,,Upgradation work of primary health center of Padma block.,"3,783,750.00",2023,On Going
187,Khanij Mad,Barhi,Padma,,Modeling of 103 Anganwadi centers,"1,795,747.00",2023,On Going
276,Khanij Mad,Barhi,Padma,,"Upgradation work of health sub-centre, Saraiya of Padma block.","1,625,970.00",2023,On Going
204,Khanij Mad,Barhi,Padma,,Modeling of 84 Anganwadi centers,"1,464,493.00",2023,On Going
195,Khanij Mad,Barhi,Padma,,05 Repair of Anganwadi centers,"512,659.00",2023,On Going
17,Khanij Mad,Barhi,Padma,,Water supply work in 10 community toilets.,"460,637.00",2023,On Going
276,Sansad Mad,Barhi,Padma,Bihari,Construction of stairs in Madapa river in village Bihari.,"5,00,000",2023,On Going
181,Sansad Mad,Barhi,Padma,Saraiya,Construction of shed and platform near Shiva temple near Shankar Yadav's house in village Kewala.,"1,98,800",2022,Completed
289,Sansad Mad,Barhi,Padma,Saraiya,Construction of stairs in Kevata river in village Saraiya.,"5,00,000",2023,On Going
183,Sansad Mad,Barhi,Padma,Saraiya,Construction of PCC road from Bhim Rana's house to Jagdish Bhuiyan's house in village Garukuraha.,"1,98,800",2022,On Going
299,Sansad Mad,Barhi,Padma,Suryapura,To install paving blocks from PCC road to toilet via Vivah Bhawan in village Paratan.,"2,00,000",2023,On Going
182,Sansad Mad,Barhi,Padma,बिहारी,Construction of PCC road from Peman Mahato's chicken farm to Dawki Bhuiyan's house in village Sonpura.,"1,99,800",2022,On Going
2,Khanij Mad,Barkagaon,Barkagaon,,Water supply work plan in village Garshulla-Jarjra,"78,604,000.00",2021,Completed
1,Khanij Mad,Barkagaon,Barkagaon,,Water supply work plan in village Aswa-Potanga,"66,493,000.00",2020,Completed
6,Khanij Mad,Barkagaon,Barkagaon,,7000 IHHLS and handpump repair work under Swachh Bharat Mission,"54,248,000.00",2023,Completed
126,Khanij Mad,Barkagaon,Barkagaon,,Construction of road from village Konoda to village Mirzapur,"9,990,100.00",2021,Completed
138,Khanij Mad,Barkagaon,Barkagaon,,Construction of PCC road at the rehabilitation site located in Urub village under Barkagaon block.,"9,971,100.00",2022,Completed
146,Khanij Mad,Barkagaon,Barkagaon,,Construction of road from Ambajit Koni turn of Mahungai to Hahe Basti via Abad Nagar. (1500 meters),"9,968,000.00",2022,Completed
145,Khanij Mad,Barkagaon,Barkagaon,,Construction of road from Panchayat Potanga village Aswa Tola Satmara to Jatra Tad. (1280 m),"8,500,700.00",2022,Completed
139,Khanij Mad,Barkagaon,Barkagaon,,Construction of bridge across Bamani Nala between Naya Urub village and Naya Itij under Barkagaon block.,"7,370,300.00",2022,Completed
114,Khanij Mad,Barkagaon,Barkagaon,,Construction of PCC road from Chaman Ganjhu to Gawant Devi in ​​Panchayat Ango village Urez under Block-Barkagaon.,"7,286,800.00",2021,Completed
134,Khanij Mad,Barkagaon,Barkagaon,,Construction of culvert in Panchayat Barkangango village Chhuthhari Katia Soti river Neemaghat.,"6,925,560.00",2022,Completed
33,Khanij Mad,Barkagaon,Barkagaon,,Renovation of 124 Anganwadi centers,"6,037,000.00",2021,Completed
85,Khanij Mad,Barkagaon,Barkagaon,,"Work related to strengthening of Primary Health Center, Badam.","5,405,600.00",2022,Completed
22,Khanij Mad,Barkagaon,Barkagaon,,Strengthening the system in 40 primary schools under Hazaribagh district.,"4,537,500.00",2021,Completed
140,Khanij Mad,Barkagaon,Barkagaon,,Construction of RR masonry drain at the rehabilitation site located in Urub village under Barkagaon block.,"3,479,900.00",2022,Completed
125,Khanij Mad,Barkagaon,Barkagaon,,Construction of road from GDM Chowk Barkagaon to taxi stand via Baniyatoli.,"2,613,800.00",2021,Completed
142,Khanij Mad,Barkagaon,Barkagaon,,Construction of a community building at the rehabilitation site located in Urub village under Barkagaon block.,"2,499,700.00",2022,Completed
83,Khanij Mad,Barkagaon,Barkagaon,,"Necessary work for sanitisation certification of delivery room in Community Health Centre, Barkagaon.","2,130,600.00",2022,Completed
9,Khanij Mad,Barkagaon,Barkagaon,,Construction of deep boring (solar based) at the rehabilitation site located in Urub village under Barkagaon block. (three add),"2,030,950.00",2023,Completed
88,Khanij Mad,Barkagaon,Barkagaon,,"Work related to strengthening of Primary Health Centre, Harli.","1,718,700.00",2022,Completed
156,Khanij Mad,Barkagaon,Barkagaon,,Construction of drain from SN Medical to Library building in village Barkagaon.,"1,396,300.00",2022,Completed
94,Khanij Mad,Barkagaon,Barkagaon,,,"823,445.00",2022,Completed
11,Khanij Mad,Barkagaon,Barkagaon,,Upgradation of Rajendra Library under Barakagaon block,"682,000.00",2021,Completed
38,Khanij Mad,Barkagaon,Barkagaon,,Repair of 35 Anganwadi centers,"550,191.00",2021,Completed
59,Khanij Mad,Barkagaon,Barkagaon,,"Supply of 480 Sahiya kits in Dadi, Keredari and Barakagaon","322,667.00",2021,Completed
96,Khanij Mad,Barkagaon,Barkagaon,,Testing work of 29 SHG groups and distribution of Kadaknath chicken.,"19,359.00",2022,Completed
108,Khanij Mad,Barkagaon,Barkagaon,,Plan to develop market for goods manufactured by Sakhi Mandali,"18,750.00",2022,Completed
5,Khanij Mad,Barkagaon,Barkagaon,,Rural pipeline water supply work plan in Nayatand and other villages,"67,218,000.00",2023,On Going
52,Khanij Mad,Barkagaon,Barkagaon,,,"34,807,900.00",2022,On Going
394,Khanij Mad,Barkagaon,Barkagaon,,Construction of road from Dokatand Tola Main Road to upgraded school Bhaya Shanti Ashram School.,"20,415,500.00",2021,On Going
377,Khanij Mad,Barkagaon,Barkagaon,,Construction of main road of Badam Panchayat under Barkagaon block. (2.800 km),"16,927,600.00",2023,On Going
357,Khanij Mad,Barkagaon,Barkagaon,,"Construction of road from village Gondalpura Durga Mandap of Block Barkagaon, Panchayat Gondalpura to Durga Mandap via Basti. (1560 m)","9,967,500.00",2022,On Going
375,Khanij Mad,Barkagaon,Barkagaon,,Construction of guardwall on Haharo river in Padaria village of Sirma Panchayat under Barkagaon block.,"9,876,600.00",2023,On Going
120,Khanij Mad,Barkagaon,Barkagaon,,"Miscellaneous works for upgradation of Upgraded Middle School, Garsulla.","7,686,200.00",2023,On Going
404,Khanij Mad,Barkagaon,Barkagaon,,Udvah Irrigation Scheme on Badmahi River in village Kumardih.,"7,166,600.00",2016,On Going
74,Khanij Mad,Barkagaon,Barkagaon,,"Various works for upgradation of Utkramit Madhya Vidyalaya, Harli.","6,829,200.00",2022,On Going
93,Khanij Mad,Barkagaon,Barkagaon,,"Various works for the upgradation of the upgraded middle school, Lurunga, in village Lurunga of Panchayat Garsulla.","5,720,100.00",2022,On Going
323,Khanij Mad,Barkagaon,Barkagaon,,Construction of road from Bajo Mahato's farm under Block Barkagaon to Kandtari bridge via Manjhala Bala.,"4,946,377.00",2021,On Going
66,Khanij Mad,Barkagaon,Barkagaon,,Construction of boundary wall in the upgraded middle school in Khairatari of Panchayat Kandatri.,"4,598,900.00",2022,On Going
148,Khanij Mad,Barkagaon,Barkagaon,,Modeling of 200 Anganwadi centers,"4,000,000.00",2021,On Going
310,Khanij Mad,Barkagaon,Barkagaon,,Repair work of jaggery production and packaging center in village Badam.,"3,230,200.00",2021,On Going
188,Khanij Mad,Barkagaon,Barkagaon,,Modeling of 103 Anganwadi centers,"1,795,747.00",2023,On Going
205,Khanij Mad,Barkagaon,Barkagaon,,Modeling of 84 Anganwadi centers,"1,464,493.00",2023,On Going
92,Khanij Mad,Barkagaon,Barkagaon,,"Construction work of boundary wall of the upgraded middle school, Horam, in village Horam of Panchayat Sandh.","1,255,100.00",2022,On Going
193,Khanij Mad,Barkagaon,Barkagaon,,05 Repair of Anganwadi centers,"512,659.00",2023,On Going
15,Khanij Mad,Barkagaon,Barkagaon,,Water supply work in 10 community toilets.,"460,637.00",2023,On Going
200,Sansad Mad,Barkagaon,Barkagaon,Badam,Construction of PCC road from Durga place to Badmahi river in village Badam.,"2,00,000",2022,Completed
345,Sansad Mad,Barkagaon,Barkagaon,Badam,Construction of ghat in Badmahi river in village Badam.,"5,00,000",2023,On Going
227,Sansad Mad,Barkagaon,Barkagaon,Barkagaon main square,Installation of solar high mast light in Barkagaon main square of Barkagaon block.,"3,75,000",2021,On Going
199,Sansad Mad,Barkagaon,Barkagaon,Napokhurd,Construction of pond in Birhugarha located in village Napokhurd.,"2,00,000",2022,Completed
295,Sansad Mad,Barkagaon,Barkagaon,Napokhurd,Construction of PCC road from Dev Sthal in Tola Barvaniya in village Napokhurd to Pond East Ahra.,"5,00,000",2023,On Going
296,Sansad Mad,Barkagaon,Barkagaon,Saandh,Deepening and improvement of Bhutahi pond in village Horam Shivadih.,"5,00,000",2023,On Going
7,Khanij Mad,Barkagaon,Keredari,,7000 IHHLS and handpump repair work under Swachh Bharat Mission,"54,248,000.00",2023,Completed
70,Khanij Mad,Barkagaon,Keredari,,Miscellaneous work for construction of Covid-19 ward in Keredari Community Health Center,"19,288,600.00",2022,Completed
148,Khanij Mad,Barkagaon,Keredari,,Construction of road from Baladewari to Chatti Bariatu. (1.325 km),"9,998,000.00",2022,Completed
115,Khanij Mad,Barkagaon,Keredari,,Construction of road from PWD Road to Mosque in Panchayat Garrikala under Block-Keredari.,"9,989,800.00",2021,Completed
32,Khanij Mad,Barkagaon,Keredari,,Renovation of 124 Anganwadi centers,"6,037,000.00",2021,Completed
123,Khanij Mad,Barkagaon,Keredari,,"Construction of road from Naya Khap of Block Keredari, Panchayat Pachhra to Siswa bridge via Pachhra.","5,926,200.00",2021,Completed
15,Khanij Mad,Barkagaon,Keredari,,Strengthening the system in 40 primary schools under Hazaribagh district.,"4,537,500.00",2021,Completed
78,Khanij Mad,Barkagaon,Keredari,,"Miscellaneous construction work at Community Health Centre, Keredari.","3,921,200.00",2022,Completed
154,Khanij Mad,Barkagaon,Keredari,,"Construction of bridge in Kichinaya Dam located in Block Keredari, Panchayat Hewai Village Pahara.","3,023,400.00",2022,Completed
124,Khanij Mad,Barkagaon,Keredari,,"Construction of road from the house of village Pahara Satgharwa Lala Mistry of Block Keredari, Panchayat Hewai to the house of Niranjan Saav.","2,938,500.00",2021,Completed
155,Khanij Mad,Barkagaon,Keredari,,Construction of 0.350 km road from Pandeypura Kala to Deoria Khurd.,"2,554,800.00",2022,Completed
55,Khanij Mad,Barkagaon,Keredari,,08 Repair of Anganwadi centers,"1,016,250.00",2023,Completed
43,Khanij Mad,Barkagaon,Keredari,,Repair of 13 Anganwadi centers,"683,463.00",2022,Completed
35,Khanij Mad,Barkagaon,Keredari,,Repair of 35 Anganwadi centers,"550,191.00",2021,Completed
48,Khanij Mad,Barkagaon,Keredari,,06 Repair of Anganwadi centers,"500,500.00",2022,Completed
12,Khanij Mad,Barkagaon,Keredari,,Upgradation of S.S. + 2 High School under Keredari Block (2 Smart Classes),"500,000.00",2021,Completed
58,Khanij Mad,Barkagaon,Keredari,,"Supply of 480 Sahiya kits in Dadi, Keredari and Barakagaon","322,667.00",2021,Completed
95,Khanij Mad,Barkagaon,Keredari,,Testing work of 29 SHG groups and distribution of Kadaknath chicken.,"19,359.00",2022,Completed
101,Khanij Mad,Barkagaon,Keredari,,Plan to develop market for goods manufactured by Sakhi Mandali,"18,750.00",2023,Completed
7,Khanij Mad,Barkagaon,Keredari,,Rural pipeline water supply work plan in Bundu and other villages,"55,980,000.00",2023,On Going
50,Khanij Mad,Barkagaon,Keredari,,"Strengthening/Upgradation of S.S.+2 High School, Keredari.","32,994,000.00",2021,On Going
118,Khanij Mad,Barkagaon,Keredari,,"Miscellaneous works for upgradation of Upgraded Middle School, Jordag.","14,253,300.00",2023,On Going
379,Khanij Mad,Barkagaon,Keredari,,Construction of road from Satgharwa bridge in Panchayat Hewai under Karedari block to Hewai main road via Rajendra Pasi's house. (1.350 km),"11,785,800.00",2023,On Going
380,Khanij Mad,Barkagaon,Keredari,,Construction of road from village Rajbagi of Panchayat Bariatu under Keredari block to Garrikhurd (1.400 km).,"11,490,700.00",2023,On Going
367,Khanij Mad,Barkagaon,Keredari,,"Construction of road from Block Keredari, Panchayat Kandaber Mata place to Sirma. (1.225 km)","9,999,700.00",2022,On Going
116,Khanij Mad,Barkagaon,Keredari,,"Miscellaneous work for upgradation of Girls Middle School, Keredari.","9,994,700.00",2023,On Going
117,Khanij Mad,Barkagaon,Keredari,,"Miscellaneous works for the upgrading of Middle School, Peto.","8,811,300.00",2023,On Going
149,Khanij Mad,Barkagaon,Keredari,,Modeling of 200 Anganwadi centers,"4,000,000.00",2021,On Going
264,Khanij Mad,Barkagaon,Keredari,,"Upgradation work of Sub Health Center, Manatu of Keredari block.","2,163,600.00",2023,On Going
181,Khanij Mad,Barkagaon,Keredari,,Modeling of 103 Anganwadi centers,"1,795,747.00",2023,On Going
94,Khanij Mad,Barkagaon,Keredari,,"Construction of boundary wall of upgraded middle school, Keredari in village Keredari of Panchayat Keredari under Keredari block.","1,612,100.00",2022,On Going
198,Khanij Mad,Barkagaon,Keredari,,Modeling of 84 Anganwadi centers,"1,464,493.00",2023,On Going
263,Khanij Mad,Barkagaon,Keredari,,"Upgradation work of sub health center, Garri of Keredari block.","1,047,300.00",2023,On Going
194,Khanij Mad,Barkagaon,Keredari,,05 Repair of Anganwadi centers,"512,659.00",2023,On Going
282,Sansad Mad,Barkagaon,Keredari,Beltu,Deepening of Amra canal in village Beltu.,"5,00,000",2023,On Going
292,Sansad Mad,Barkagaon,Keredari,Beltu,Deepening and beautification of village Jamira lower pond.,"5,00,000",2023,On Going
283,Sansad Mad,Barkagaon,Keredari,Keredari,Deepening and beautification of Mahato pond in village Ome.,"10,00,000",2023,On Going
303,Sansad Mad,Barkagaon,Patratu,Barideeh,Construction of boundary wall of upgraded middle school Kadru in village Kadru.,"5,00,000",2023,Completed
314,Sansad Mad,Barkagaon,Patratu,Bhurkunda,Construction of gate near the ghat of river Dhoda Nakari below the village.,"5,00,000",2023,Completed
337,Sansad Mad,Barkagaon,Patratu,Dudgi,Deepening and beautification of Bagaita Tupala pond in village Durga Bagaita Mohalla.,"5,00,000",2023,Completed
313,Sansad Mad,Barkagaon,Patratu,Jai Nagar,Deepening and beautification of the pond of village Jayanagar Balram Prajapati.,"5,00,000",2023,Completed
315,Sansad Mad,Barkagaon,Patratu,Labga,Construction of pond in village Jarad Asna Kocha.,"5,00,000",2023,Completed
327,Sansad Mad,Barkagaon,Patratu,Pali,Deepening and beautification of village Pali Dina Amba pond.,"5,00,000",2023,Completed
338,Sansad Mad,Barkagaon,Patratu,Pali,Beautification of the pond located in village Nimmi Tola.,"5,00,000",2023,Completed
326,Sansad Mad,Barkagaon,Patratu,Patel Nagar,Construction of Pebhar Block in Bank Mode JN College campus.,"5,00,000",2023,Completed
334,Sansad Mad,Barkagaon,Patratu,Patratu,Construction of two rooms in Saraswati Shishu Vidya Mandir Patratu.,"5,00,000",2023,Completed
329,Sansad Mad,Barkagaon,Patratu,Piri,Deepening and beautification of village Masmohana pond.,"5,00,000",2023,Completed
309,Sansad Mad,Barkagaon,Patratu,Sauda Basti,Deepening and beautification of Patarwa Dam in Saunda Basti.,"5,00,000",2023,Completed
325,Sansad Mad,Barkagaon,Patratu,Sauda Basti,Gordwall and beautification in Barwa Dam located in village Sauda Basti.,"5,00,000",2023,Completed
340,Sansad Mad,Barkagaon,Piperwar,Bachra North,Deepening and beautification of the pond near Munshi Mahato's house in village Bachra.,"5,00,000",2023,Completed
341,Sansad Mad,Barkagaon,Piperwar,Bachra South,Deepening and beautification of the pond on the land of Mukesh Mahato in village Hemandag Tola.,"5,00,000",2023,Completed
269,Sansad Mad,Covid,Covid,,"Construction of pipeline to Block Development Officer, Vishnugarh/Katkamasandi for supplying oxygen to the patients of Community Health Centre, Vishnugarh and Katkamsandi. (Rs 4.00-4.00 lakh)","8,00,000",2022,Completed
270,Sansad Mad,Covid,Covid,,Manufacturing of 50000 (fifty thousand) 03 layer masks for Hazaribagh district to deal with the third wave of Corona and for the safety of the area residents.,"7,50,000",2022,Completed
256,Sansad Mad,Covid,Covid,,"Funds provided to the Deputy Commissioner, Chatra for the prevention and treatment of victims of the global pandemic Corona Covid-19.","5,00,000",2020,Completed
261,Sansad Mad,Covid,Covid,,"Funds provided to the Deputy Commissioner, Ramgarh for the purchase of PPE kits due to the global pandemic Corona Covid-19.","5,00,000",2021,Completed
267,Sansad Mad,Covid,Covid,,To further strengthen and improve the health facilities of patients infected with the global pandemic Corona Covid-19.,"5,00,000",2022,Completed
259,Sansad Mad,Covid,Covid,,"Funds provided to District Coordinator, J.S.L.P.S., Hazaribagh for multi-layer masks for protection and treatment of victims of the global pandemic Corona Covid-19.","4,00,000",2021,Completed
257,Sansad Mad,Covid,Covid,,"Funds provided to the Deputy Commissioner, Ramgarh for the prevention and treatment of victims of the global pandemic Corona Covid-19.","35,00,000",2020,Completed
260,Sansad Mad,Covid,Covid,,"For the arrangement of canal, food, care etc. for the 700 cows living in the Hazaribagh Gaushala of Calcutta Pinjrapole Society due to the problems arising out of the Corona disaster.","3,00,000",2021,Completed
254,Sansad Mad,Covid,Covid,,Rs 2.00 lakh was made available to Sadar/Katkamsandi/Katkamdag/Barkagaon/Keredari/Daru/Vishnugarh/Tatijharia/Churchu/Dadi/Barhi/Chauparan and Padma for prevention and treatment of victims of the global pandemic Corona Covid-19. (13 blocks),"26,00,000",2020,Completed
264,Sansad Mad,Covid,Covid,,"Funds were provided to District Nazarat Sub-Collector, Hazaribagh for JN095 masks to Sony Global Service for protection and prevention from the global pandemic Corona Covid-19. (37500 masks)","22,48,125",2021,Completed
271,Sansad Mad,Covid,Covid,,For construction of traffic posts at 05 places to strengthen the traffic system in Ramgarh district.,"21,71,500",2022,Completed
263,Sansad Mad,Covid,Covid,,"Funds provided to District Coordinator, J.S.L.P.S., Hazaribagh for multi-layer masks for protection and treatment of victims of the global pandemic Corona Covid-19. 138700 masks (1677280+419320=2096600.00)","20,96,600",2021,Completed
266,Sansad Mad,Covid,Covid,,"For ventilators, oxygen cylinders, PPE kits, masks and other medical supplies to further improve health facilities for prevention and control of Covid-19.","20,00,000",2022,Completed
262,Sansad Mad,Covid,Covid,,"Funds provided to District Coordinator, J.S.L.P.S., Hazaribagh for multi-layer masks for protection and treatment of victims of the global pandemic Corona Covid-19. 16666 mask","2,99,988",2021,Completed
268,Sansad Mad,Covid,Covid,,"In view of Corona Covid-19, to purchase high quality multi-layer masks/face covers for the general public, especially the elderly etc.","15,00,000",2022,Completed
255,Sansad Mad,Covid,Covid,,"Funds provided to Deputy Commissioner, Koderma for prevention and treatment of victims of the global pandemic Corona Covid-19.","10,00,000",2020,Completed
265,Sansad Mad,Covid,Covid,,"Superintendent, Sheikh Bhikhari Medical College Hospital, Hazaribagh","1,71,100",2022,Completed
258,Sansad Mad,Covid,Covid,,"Funds provided to Nazarat Deputy Collector, Hazaribagh for prevention and treatment of victims of the global pandemic Corona Covid-19.","1,50,000",2021,Completed
133,Khanij Mad,Hazaribagh,Daru,,Construction of culvert in the river on Ballia-Jharpo road of Panchayat Kavilasi.,"6,149,300.00",2022,Completed
20,Khanij Mad,Hazaribagh,Daru,,Strengthening the system in 40 primary schools under Hazaribagh district.,"4,537,500.00",2021,Completed
56,Khanij Mad,Hazaribagh,Daru,,08 Repair of Anganwadi centers,"1,016,250.00",2023,Completed
106,Khanij Mad,Hazaribagh,Daru,,Plan to develop market for goods manufactured by Sakhi Mandali,"18,750.00",2023,Completed
60,Khanij Mad,Hazaribagh,Daru,,"Miscellaneous works for upgradation of Maheshara +2 High School, Maheshara.","30,150,000.00",2022,On Going
255,Khanij Mad,Hazaribagh,Daru,,"Work related to strengthening of Primary Health Center, Daru.","14,409,500.00",2022,On Going
99,Khanij Mad,Hazaribagh,Daru,,"Miscellaneous works for upgradation of Middle School, Maheshra.","14,405,900.00",2022,On Going
81,Khanij Mad,Hazaribagh,Daru,,"Miscellaneous work for upgradation of Middle School, Daru Boy.","12,160,200.00",2022,On Going
373,Khanij Mad,Hazaribagh,Daru,,"Construction of road from Jharkhand Girls Residential School, Daru to NH-100.","9,962,400.00",2022,On Going
73,Khanij Mad,Hazaribagh,Daru,,"Construction of boundary wall of Jharkhand Girls Residential School, Daru.","9,313,100.00",2022,On Going
186,Khanij Mad,Hazaribagh,Daru,,Modeling of 103 Anganwadi centers,"1,795,747.00",2023,On Going
13,Khanij Mad,Hazaribagh,Daru,,Water supply work in 25 community toilets.,"1,727,388.00",2023,On Going
203,Khanij Mad,Hazaribagh,Daru,,Modeling of 84 Anganwadi centers,"1,464,493.00",2023,On Going
234,Sansad Mad,Hazaribagh,Daru,Irga,Construction of cultural building near Shiva temple in village Chiruva.,"5,00,000",2021,On Going
286,Sansad Mad,Hazaribagh,Daru,Irga,Construction of ghat in Boliya pond in village Chiruwan.,"5,00,000",2023,On Going
347,Sansad Mad,Hazaribagh,Daru,Irga,A room and boundary wall for Saraswati High School in village Daru Kharika.,"5,00,000",2023,On Going
235,Sansad Mad,Hazaribagh,Daru,Irga,Construction of Pebhar block near Shiv temple in village Chiruva.,"2,00,000",2021,On Going
348,Sansad Mad,Hazaribagh,Daru,Jinaga,Construction of guardwall and staircase in village Jinaga from the temple to the end of Jinaga Bhutahi canal.,"5,00,000",2023,On Going
136,Khanij Mad,Hazaribagh,Katkamdag,,Construction of RCC drain at the rehabilitation site located in Bendi village under Katkamdag block.,"5,276,700.00",2022,Completed
13,Khanij Mad,Hazaribagh,Katkamdag,,Strengthening the system in 40 primary schools under Hazaribagh district.,"4,537,500.00",2021,Completed
149,Khanij Mad,Hazaribagh,Katkamdag,,"In village Baka, construction of drain from Anand Mahato's house to siding and construction of drain from Mahadev Mahato's house to siding. (2900 feet)","4,265,900.00",2022,Completed
141,Khanij Mad,Hazaribagh,Katkamdag,,Construction of a community building at the rehabilitation site located in Bendi village under Katkamdag block.,"2,497,300.00",2022,Completed
135,Khanij Mad,Hazaribagh,Katkamdag,,Construction of paver block path at the rehabilitation site located in Bendi village under Katkamdag block.,"2,488,900.00",2022,Completed
150,Khanij Mad,Hazaribagh,Katkamdag,,Construction of PCC road from community building to Vyas Yadav's house in village Odarna. (1500 feet),"2,354,400.00",2022,Completed
8,Khanij Mad,Hazaribagh,Katkamdag,,Construction of deep boring at the rehabilitation site located in Bendi village under Katkamdag block. (four add),"1,890,000.00",2023,Completed
54,Khanij Mad,Hazaribagh,Katkamdag,,08 Repair of Anganwadi centers,"1,016,250.00",2023,Completed
137,Khanij Mad,Hazaribagh,Katkamdag,,Construction of humus pipe culvert at rehabilitation site at Bendi village under Katkamdag block.,"1,004,000.00",2022,Completed
99,Khanij Mad,Hazaribagh,Katkamdag,,Plan to develop market for goods manufactured by Sakhi Mandali,"18,750.00",2023,Completed
124,Khanij Mad,Hazaribagh,Katkamdag,,"Miscellaneous work for upgradation of Government Upgraded Urdu Middle School, Dhengura.","14,953,000.00",2023,On Going
69,Khanij Mad,Hazaribagh,Katkamdag,,"Miscellaneous works for upgradation of Upgraded High School, Katkamdag.","5,693,400.00",2022,On Going
89,Khanij Mad,Hazaribagh,Katkamdag,,"Various works for upgradation of Upgraded Middle School, Kusumbha.","5,213,000.00",2022,On Going
265,Khanij Mad,Hazaribagh,Katkamdag,,"Upgradation work of Primary Health Center, Sultana of Katkamsandi block.","3,475,900.00",2023,On Going
179,Khanij Mad,Hazaribagh,Katkamdag,,Modeling of 103 Anganwadi centers,"1,795,747.00",2023,On Going
382,Khanij Mad,Hazaribagh,Katkamdag,,Construction of PCC road from Bhunu Gop's house to Janaki Mahato's house in village Sultana of Panchayat Sultana under Katkamdag block. (500 feet),"1,472,400.00",2023,On Going
196,Khanij Mad,Hazaribagh,Katkamdag,,Modeling of 84 Anganwadi centers,"1,464,493.00",2023,On Going
95,Khanij Mad,Hazaribagh,Katkamdag,,"Construction of boundary wall of primary school, Simaria, in village Simaria of Panchayat Adra, under Katkamdag block.","1,387,900.00",2022,On Going
18,Khanij Mad,Hazaribagh,Katkamdag,,Water supply work in 10 community toilets.,"460,637.00",2023,On Going
186,Sansad Mad,Hazaribagh,Katkamdag,Khapariyawan,Construction of a shed in the cremation ground on Mishridaha Konar river in village Khapariyawan.,"2,00,000",2022,On Going
184,Sansad Mad,Hazaribagh,Katkamdag,Kusumbha,Construction of PCC road from Ramdayal Yadav's house to Chhatradhari Yadav's house in village Sirka.,"2,00,000",2022,On Going
185,Sansad Mad,Hazaribagh,Katkamdag,Masratu,Construction of ghat on Gonda river in village Masratu.,"1,99,900",2022,On Going
248,Sansad Mad,Hazaribagh,Katkamdag,Salgawaan,Construction of welcome gate in village Pakrar.,"3,00,000",2023,On Going
247,Sansad Mad,Hazaribagh,Katkamdag,Salgawaan,"Construction of a memorial in the name of Martyr Satish Prasad on the side of the main road in village Pakrar in place of Rs. 5.00 lakhs, in the place of Rs. 5.00 lakhs.","2,00,000",2023,On Going
153,Khanij Mad,Hazaribagh,Katkamsandi,,Construction of bridge on Katkamsandi river in Dusadh Tola of village Katkamsandi.,"9,936,000.00",2022,Completed
67,Khanij Mad,Hazaribagh,Katkamsandi,,Various works for strengthening Katkamsandi Community Health Center,"7,004,350.00",2021,Completed
122,Khanij Mad,Hazaribagh,Katkamsandi,,Construction of culvert on Baniya Dam in village Shahpur.,"4,998,200.00",2021,Completed
14,Khanij Mad,Hazaribagh,Katkamsandi,,Strengthening the system in 40 primary schools under Hazaribagh district.,"4,537,500.00",2021,Completed
71,Khanij Mad,Hazaribagh,Katkamsandi,,Construction of boundary wall at Katkamsandi Community Health Centre.,"2,473,200.00",2022,Completed
74,Khanij Mad,Hazaribagh,Katkamsandi,,Installation of 2 high mast lights under Katkamsandi Community Health Centre.,"1,988,300.00",2022,Completed
80,Khanij Mad,Hazaribagh,Katkamsandi,,"Necessary work for disinfection of delivery room in Community Health Centre, Katkamsandi.","1,789,400.00",2022,Completed
91,Khanij Mad,Hazaribagh,Katkamsandi,,,"823,445.00",2020,Completed
44,Khanij Mad,Hazaribagh,Katkamsandi,,Repair of 13 Anganwadi centers,"683,463.00",2022,Completed
36,Khanij Mad,Hazaribagh,Katkamsandi,,Repair of 35 Anganwadi centers,"550,191.00",2021,Completed
100,Khanij Mad,Hazaribagh,Katkamsandi,,Plan to develop market for goods manufactured by Sakhi Mandali,"18,750.00",2023,Completed
53,Khanij Mad,Hazaribagh,Katkamsandi,,,"39,455,700.00",2022,On Going
103,Khanij Mad,Hazaribagh,Katkamsandi,,"Miscellaneous works for upgradation of Upgraded High School, Shahpur.","16,953,600.00",2022,On Going
102,Khanij Mad,Hazaribagh,Katkamsandi,,"Miscellaneous works for upgradation of Upgraded Middle School, Edla.","9,967,500.00",2022,On Going
150,Khanij Mad,Hazaribagh,Katkamsandi,,Modeling of 200 Anganwadi centers,"4,000,000.00",2021,On Going
266,Khanij Mad,Hazaribagh,Katkamsandi,,"Upgradation work of Health Sub Center, Kandasar of Katkamsandi block.","3,067,550.00",2023,On Going
180,Khanij Mad,Hazaribagh,Katkamsandi,,Modeling of 103 Anganwadi centers,"1,795,747.00",2023,On Going
197,Khanij Mad,Hazaribagh,Katkamsandi,,Modeling of 84 Anganwadi centers,"1,464,493.00",2023,On Going
262,Khanij Mad,Hazaribagh,Katkamsandi,,"Upgradation work of Sub Health Center, Shahpur of Katkamsandi block.","1,314,400.00",2023,On Going
261,Khanij Mad,Hazaribagh,Katkamsandi,,"Upgradation work of Sub Health Center, Dhothwa of Katkamsandi block.","1,120,500.00",2023,On Going
269,Khanij Mad,Hazaribagh,Katkamsandi,,"Upgradation work of health sub-centre, Pundri of Katkamsandi block.","1,022,350.00",2023,On Going
19,Khanij Mad,Hazaribagh,Katkamsandi,,Water supply work in 10 community toilets.,"460,637.00",2023,On Going
343,Sansad Mad,Hazaribagh,Katkamsandi,Daad,Deepening and beautification of village Daad Baherwa pond.,"5,00,000",2023,On Going
350,Sansad Mad,Hazaribagh,Katkamsandi,Kandsar,Construction of PCC path from Manoj Mahato's house to Randhir Mahato's house in village Belargada.,"3,00,000",2023,On Going
250,Sansad Mad,Hazaribagh,Katkamsandi,Katkamsandi,Construction of stairs in Adwariya river in Gram Panchayat Rebar of Katkamsandi block.,"5,00,000",2023,On Going
159,Sansad Mad,Hazaribagh,Katkamsandi,Shahpur,Deepening of Tikwa Dah in village Shahpur.,"4,00,000",2022,On Going
158,Sansad Mad,Hazaribagh,Katkamsandi,Shahpur,Construction of stairs in Gram Panchayat Shahpur Bakulia Canal.,"2,00,000",2022,On Going
157,Sansad Mad,Hazaribagh,Katkamsandi,Shahpur,Construction of PCC path from Santosh's house to Govind Prasad's house in village Shahpur.,"1,50,000",2022,On Going
225,Sansad Mad,Hazaribagh,Nagar East,Ward No. 25,Construction including pipe and drain and slab for water supply near Susmita Apartment in Ward No. 25 (Kanhari Road) of Hazaribagh Nagar.,"4,99,900",2022,On Going
194,Sansad Mad,Hazaribagh,Nagar East,Ward No. 26,Construction of PCC road from Divya Ashram to Shambhu Singh's house in Deepugadha.,"2,00,000",2022,Completed
231,Sansad Mad,Hazaribagh,Nagar East,Ward No. 26,"In place of deep boring near the house of Meena Devi's husband Laxman Prasad Mehta in Mauza Sarle of Sadar block, installation of deep boring next to the house of Meena Devi's husband Laxman Prasad Mehta in street no. 12, next to Mariam Tola U.P. of Mauza Sarle.","3,00,000",2021,On Going
208,Sansad Mad,Hazaribagh,Nagar East,Ward No. 26,PCC road construction from Dhatu Babu's house to Sunil General Store next to Eighth Road.,"2,00,000",2022,On Going
238,Sansad Mad,Hazaribagh,Nagar East,Ward No. 26,"In Ward No. 26, Ramnagar Road, from the house of late Pradeep Kasera to the house of Suman Kumar Sinha, deepening of the drain on both sides by 3 feet and construction of 1000 feet retaining wall on both sides.","15,00,000",2022,On Going
217,Sansad Mad,Hazaribagh,Nagar East,Ward No. 30,Construction of drain and construction of slab in Suresh Colony.,"2,00,000",2022,On Going
237,Sansad Mad,Hazaribagh,Nagar East,Ward No. 30,Construction of main reception gate of Wells Ground in Ward No. 30 under Hazaribagh Municipal Corporation area.,"15,00,000",2022,On Going
211,Sansad Mad,Hazaribagh,Nagar West,Ward No. 12,Construction of PCC path from Jai Balaji Apartment to Naval Singh's house on Sadanand Road in Ward No. 12.,"2,00,000",2022,On Going
212,Sansad Mad,Hazaribagh,Nagar West,Ward No. 12,Construction of PCC road from Saketpuri Ranjan Azad's house to Saryu Nagay's house in Ward No. 12.,"2,00,000",2022,On Going
252,Sansad Mad,Hazaribagh,Nagar West,Ward No. 4,"Construction of shed, tiles and Ashoka Pillar near the memorial in Jai Prakash Narayan Jail complex under Hazaribagh city area. Installation of shed tiles and statue of prisoner's pain near the memorial in Jai Prakash Narayan Jail complex under Hazaribagh Nagar.","5,00,000",2023,On Going
253,Sansad Mad,Hazaribagh,Nagar West,Ward No. 4,Construction of Fabhar Block Path from Arjun Ram's house in Ward No. 04 Village Navdiha to the boundary wall of Vinoba Bhave University.,"5,00,000",2023,On Going
209,Sansad Mad,Hazaribagh,Nagar West,Ward No. 5,Construction of PCC road from Kanhari main road to Abhra Kothi.,"2,00,000",2022,On Going
229,Sansad Mad,Hazaribagh,Nagar West,Ward No. 5,Construction of PCC path from Sudhir Kumar Sinha's house to Dinesh Kushwaha's house in Sarle Deepugadha in Ward No. 05.,"2,00,000",2022,On Going
353,Sansad Mad,Hazaribagh,Nagar West,Ward No. 5,"It was recommended to install a life-size statue of Bharat Deshratna Dr. Rajendra Prasad ji at the square in front of the Vice Chancellor's residence in NH-33 under Ward No. 05 under Hazaribagh Municipal Corporation area. Now in its place, three statues will be installed in front of the Press Club in the Hazaribagh Lake complex. Recommendation to install a life-size statue of Bharat Deshratna Dr. Rajendra ji at the intersection.","10,00,000",2023,On Going
298,Sansad Mad,Hazaribagh,Nagar West,Ward No. 6,Installation of a life-size statue of Swami Vivekananda ji near the Superintendent of Police residence located in Ward No. 06 under Hazaribagh Municipal Corporation area and beautification of the place.,"10,00,000",2023,On Going
206,Sansad Mad,Hazaribagh,Nagar West,Ward No. 6,Construction of stairs in Ward No. 06 Khajanchi Pond.,"1,99,400",2022,On Going
205,Sansad Mad,Hazaribagh,Nagar West,Ward No. 8,Deep boring for construction of Sanskriti Bhawan in Martyr Memorial near Parisadan Bhawan under Hazaribagh Sadar Block.,"2,00,000",2021,Completed
198,Sansad Mad,Hazaribagh,Nagar West,Ward No. 8,Beautification of martyr memorial and construction of art culture building in Hazaribagh city.,"14,92,000",2021,Completed
210,Sansad Mad,Hazaribagh,Nagar West,Ward No. 8,"Construction of PCC path from Mahesh Prasad's house to Suresh Prasad's house in Ganga Kutir Gali, Korra.","2,00,000",2022,On Going
75,Khanij Mad,Hazaribagh,Sadar,,Purchase of medical equipment under DMFT - 2,"24,947,538.00",2022,Completed
61,Khanij Mad,Hazaribagh,Sadar,,Purchase of medical equipment under DMFT - 1,"21,886,178.00",2021,Completed
53,Khanij Mad,Hazaribagh,Sadar,,"Various works to strengthen the system of Observation Home, Hazaribagh. 2","6,273,600.00",2023,Completed
62,Khanij Mad,Hazaribagh,Sadar,,Electrical work in SBMCH,"5,849,398.00",2021,Completed
66,Khanij Mad,Hazaribagh,Sadar,,Procurement of 2 Generators of 250 KVA each for PSA Plant SBMCH,"5,000,000.00",2021,Completed
25,Khanij Mad,Hazaribagh,Sadar,,Strengthening the system in 40 primary schools under Hazaribagh district.,"4,537,500.00",2022,Completed
52,Khanij Mad,Hazaribagh,Sadar,,"Various works to strengthen the system of Observation Home, Hazaribagh. 1","3,379,100.00",2023,Completed
60,Khanij Mad,Hazaribagh,Sadar,,Purchase of 4 ventilators in SBMCCH,"3,068,800.00",2021,Completed
51,Khanij Mad,Hazaribagh,Sadar,,Construction of new buildings of 06 Anganwadi centers,"2,994,600.00",2023,Completed
27,Khanij Mad,Hazaribagh,Sadar,,"Renovation work of Block-A and C of Samarth Residential School, Hazaribagh.","2,496,100.00",2022,Completed
26,Khanij Mad,Hazaribagh,Sadar,,"Renovation work of boundary wall of Samarth Residential School, Hazaribagh.","2,481,800.00",2022,Completed
28,Khanij Mad,Hazaribagh,Sadar,,"Renovation work of Block-B of Samarth Residential School, Hazaribagh.","2,419,150.00",2022,Completed
29,Khanij Mad,Hazaribagh,Sadar,,"Renovation work of office building of Samarth Residential School, Hazaribagh.","2,139,960.00",2022,Completed
76,Khanij Mad,Hazaribagh,Sadar,,Repair work of post mortem building in SBMCH.,"1,938,900.00",2022,Completed
113,Khanij Mad,Hazaribagh,Sadar,,Cleaning of Hazaribagh Lake No. 04,"1,851,500.00",2021,Completed
46,Khanij Mad,Hazaribagh,Sadar,,Repair of 13 Anganwadi centers,"683,463.00",2022,Completed
112,Khanij Mad,Hazaribagh,Sadar,,Cleaning of Hazaribagh Lake No. 02,"643,600.00",2021,Completed
77,Khanij Mad,Hazaribagh,Sadar,,Renovation work of the old building (OPD) of Sadar Hospital.,"592,000.00",2022,Completed
37,Khanij Mad,Hazaribagh,Sadar,,Repair of 35 Anganwadi centers,"550,191.00",2021,Completed
97,Khanij Mad,Hazaribagh,Sadar,,,"548,800.00",2022,Completed
10,Khanij Mad,Hazaribagh,Sadar,,Upgradation of Rukmini Library under Sadar Block,"200,000.00",2021,Completed
111,Khanij Mad,Hazaribagh,Sadar,,Plan to develop market for goods manufactured by Sakhi Mandali,"18,750.00",2021,Completed
224,Khanij Mad,Hazaribagh,Sadar,,,"52,986,870.00",2021,On Going
279,Khanij Mad,Hazaribagh,Sadar,,Construction of drain in Sheikh Bhikhari Medical College and Hospital Hazaribagh.,"18,481,700.00",2023,On Going
362,Khanij Mad,Hazaribagh,Sadar,,Construction of road from Churchu to Kari Tongri. (1.800 km),"9,893,200.00",2022,On Going
105,Khanij Mad,Hazaribagh,Sadar,,Various works for the upgradation of Scheduled Caste Girls Hostel located in KB Women's College campus.,"8,405,700.00",2022,On Going
246,Khanij Mad,Hazaribagh,Sadar,,"Construction of a warehouse at Sheikh Bhikhari Medical College Hospital, Hazaribagh.","8,351,200.00",2022,On Going
112,Khanij Mad,Hazaribagh,Sadar,,"Miscellaneous work for upgradation of Regional Library (Rukmani Bhawan), Hazaribagh.","7,336,200.00",2023,On Going
88,Khanij Mad,Hazaribagh,Sadar,,"Miscellaneous works for upgradation of Middle School, Harhad.","6,042,900.00",2022,On Going
108,Khanij Mad,Hazaribagh,Sadar,,"Miscellaneous work for the upgradation of Scheduled Caste Boys Hostel located in Nawabganj, behind Takiya Mazar.","5,983,800.00",2023,On Going
106,Khanij Mad,Hazaribagh,Sadar,,"Miscellaneous work for the upgradation of Scheduled Caste Boys Hostel located in Nawabganj, behind Takiya Mazar.","5,421,200.00",2023,On Going
260,Khanij Mad,Hazaribagh,Sadar,,"Canteen construction work in Sheikh Bhikhari Medical College Hospital, Hazaribagh.","4,972,700.00",2023,On Going
247,Khanij Mad,Hazaribagh,Sadar,,"Renovation of the old Civil Surgeon office located at Sheikh Bhikhari Medical College Hospital, Hazaribagh.","4,235,900.00",2022,On Going
152,Khanij Mad,Hazaribagh,Sadar,,Modeling of 200 Anganwadi centers,"4,000,000.00",2021,On Going
90,Khanij Mad,Hazaribagh,Sadar,,"Miscellaneous works for upgradation of Upgraded Middle School, Rolla.","3,966,300.00",2022,On Going
72,Khanij Mad,Hazaribagh,Sadar,,"Miscellaneous work for upgradation of Bihari Girls High School, Hazaribagh.","3,645,900.00",2022,On Going
107,Khanij Mad,Hazaribagh,Sadar,,Various works for the upgradation of the Scheduled Caste Girls Hostel located in the KB Women's College campus.,"3,430,300.00",2023,On Going
191,Khanij Mad,Hazaribagh,Sadar,,Modeling of 103 Anganwadi centers,"1,795,747.00",2023,On Going
208,Khanij Mad,Hazaribagh,Sadar,,Modeling of 84 Anganwadi centers,"1,464,493.00",2023,On Going
109,Khanij Mad,Hazaribagh,Sadar,,Various works for the upgradation of the Backward Caste Girls Hostel located in the KB Women's College campus.,"1,450,100.00",2023,On Going
192,Khanij Mad,Hazaribagh,Sadar,,05 Repair of Anganwadi centers,"512,659.00",2023,On Going
16,Khanij Mad,Hazaribagh,Sadar,,Water supply work in 10 community toilets.,"460,637.00",2023,On Going
193,Sansad Mad,Hazaribagh,Sadar,Amanari,Deep boring behind Aneshwar Prasad's house in village Amanari.,"1,99,800",2022,Completed
196,Sansad Mad,Hazaribagh,Sadar,Badasi,Deep boring in the land of Nandlal Mehta in village Badasi.,"1,99,800",2022,Completed
195,Sansad Mad,Hazaribagh,Sadar,Harhad,Construction of PCC road from Shiv temple to Lalman Rana's house in village Harhad.,"2,00,000",2022,Completed
216,Sansad Mad,Hazaribagh,Sadar,Lakhe,Construction of PCC path from Jugal Rana's house to Devi Mandap's house in village Lakhe.,"2,00,000",2022,On Going
207,Sansad Mad,Hazaribagh,Sadar,Mandaikhurd,From Lalit Kishore Prasad's house via Mahavir Aggarwal house to Ashok Malakar's house with drain construction slab.,"1,99,500",2022,On Going
285,Sansad Mad,Hazaribagh,Sadar,Morangi,Construction of ghat in village Tumba Bada Talab.,"5,00,000",2023,On Going
233,Sansad Mad,Hazaribagh,Sadar,Morangi,Construction of PCC road from Krishna Ram's house to Panchayat Bhawan in village Morangi.,"2,00,000",2021,On Going
213,Sansad Mad,Hazaribagh,Sadar,Morangi,Deep boring in the land of Chaudhary Sahu in village Tumba.,"1,99,800",2022,On Going
215,Sansad Mad,Hazaribagh,Sadar,Morangi,Construction of shed in the cremation ground in Panchayat Morangi village Tumba.,"1,99,800",2022,On Going
197,Sansad Mad,Hazaribagh,Sadar,Nayakhap,Construction of PCC road from Triloki Ram's house in Panchayat Nayakhap village Babhanbai to Bhola Ram's house via Akhara.,"2,00,000",2022,Completed
230,Sansad Mad,Hazaribagh,Sadar,Sindhani,Installation of solar high mast light at Sindhani Chowk in Panchayat Sindhani of Sadar block.,"3,75,000",2021,On Going
214,Sansad Mad,Hazaribagh,Sadar,Sindur,Construction of deep boring near the land of Deepak Kumar Sinha in Nawadih of village Sindur.,"2,00,000",2022,On Going
236,Sansad Mad,Hazaribagh,Sadar,Sindur,For the construction of Center for Tribal Studies in the Acharya Vinoba Bhave University campus located in Hazaribagh.,"1,00,00,000",2022,On Going
284,Sansad Mad,Hazaribagh,Sadar,Singhani,Deepening of dam below Jabra House.,"5,00,000",2023,On Going
294,Sansad Mad,Hazaribagh,Sadar,गुरहेत,Deepening of Bela Tungri pond in village Dhavaiya.,"5,00,000",2023,On Going
68,Khanij Mad,Mandu,Bishnugarh,,Various works for strengthening Vishnugarh Community Health Center,"7,424,550.00",2021,Completed
119,Khanij Mad,Mandu,Bishnugarh,,Construction of bridge in Basriyatand drain of village Achaljamo of Panchayat Achaljamo-3 under Block-Vishnugarh.,"5,726,500.00",2021,Completed
24,Khanij Mad,Mandu,Bishnugarh,,Strengthening the system in 40 primary schools under Hazaribagh district.,"4,537,500.00",2022,Completed
143,Khanij Mad,Mandu,Bishnugarh,,Construction of guardwall and PCC road from the main road below the settlement in village Rangamatar of Panchayat Narki.,"3,053,100.00",2022,Completed
72,Khanij Mad,Mandu,Bishnugarh,,Construction of PCC path and repair of boundary wall under Vishnugarh Community Health Centre.,"2,498,500.00",2022,Completed
73,Khanij Mad,Mandu,Bishnugarh,,Installation of 2 high mast lights under Vishnugadh Community Health Centre.,"1,988,300.00",2022,Completed
82,Khanij Mad,Mandu,Bishnugarh,,"Necessary work for self-certification of delivery room in Community Health Centre, Vishnugarh.","1,455,300.00",2022,Completed
93,Khanij Mad,Mandu,Bishnugarh,,,"823,445.00",2022,Completed
45,Khanij Mad,Mandu,Bishnugarh,,Repair of 13 Anganwadi centers,"683,463.00",2021,Completed
110,Khanij Mad,Mandu,Bishnugarh,,Plan to develop market for goods manufactured by Sakhi Mandali,"18,750.00",2021,Completed
61,Khanij Mad,Mandu,Bishnugarh,,"Miscellaneous work for upgradation of Vishnugadh +2 High School, Vishnugadh.","46,696,900.00",2022,On Going
76,Khanij Mad,Mandu,Bishnugarh,,"Miscellaneous works for upgradation of Upgraded Middle School, Nagi.","9,700,700.00",2022,On Going
393,Khanij Mad,Mandu,Bishnugarh,,"Construction of PCC path and guardwall from Kubri Aam to Chaparwa in village Jamni Jara of Gram Panchayat, Nagi.","9,451,034.00",2021,On Going
75,Khanij Mad,Mandu,Bishnugarh,,"Various works for the upgradation of Middle School, Narakikala.","6,596,600.00",2022,On Going
121,Khanij Mad,Mandu,Bishnugarh,,"Miscellaneous works for upgradation of Upgraded Middle School, Gobindpur Khurd.","4,988,300.00",2023,On Going
151,Khanij Mad,Mandu,Bishnugarh,,Modeling of 200 Anganwadi centers,"4,000,000.00",2021,On Going
190,Khanij Mad,Mandu,Bishnugarh,,Modeling of 103 Anganwadi centers,"1,795,747.00",2023,On Going
14,Khanij Mad,Mandu,Bishnugarh,,Water supply work in 25 community toilets.,"1,727,388.00",2023,On Going
110,Khanij Mad,Mandu,Bishnugarh,,Various works for the upgradation of Scheduled Caste Girls Hostel located in the premises of Daulat Mahato B.Ed College.,"1,596,225.00",2023,On Going
207,Khanij Mad,Mandu,Bishnugarh,,Modeling of 84 Anganwadi centers,"1,464,493.00",2023,On Going
383,Khanij Mad,Mandu,Bishnugarh,,Construction of PCC path from Jaylal Mahato's house to Anganwadi center in village Bandkhars of Panchayat Jobar under Vishnugarh block. (240 feet),"761,300.00",2023,On Going
273,Sansad Mad,Mandu,Bishnugarh,Bedahariara,"Construction of PCC road from Arun Kumar Sinha's house in Panchayat Bedahariara, village Ramua via Bipin Sinha's house to Bauliaganj in front of Doman Gupta's house.","1,25,000",2023,On Going
239,Sansad Mad,Mandu,Bishnugarh,Bishnugarh,Installation of Salar high mast light at Seven Mile Mod Chowk of Vishnugarh block.,"3,75,000",2021,On Going
249,Sansad Mad,Mandu,Bishnugarh,Bishnugarh,Construction of welcome gate on Banason road at 07 mile turn under Vishnugarh block.,"15,00,000",2023,On Going
191,Sansad Mad,Mandu,Bishnugarh,Chedra,"Construction of ghat on both sides of Jamunia river near Sun Temple in Panchayat Chedra, village Chedra.","12,00,000",2022,Completed
190,Sansad Mad,Mandu,Bishnugarh,Jobar,Deep boring on the land of Narayan Mahato's father late Kewal Mahato in village Uchhadhana.,"1,99,800",2022,Completed
278,Sansad Mad,Mandu,Bishnugarh,Jobar,Deepening and beautification of Purva Ghoghri pond in village Uchhadhana.,"5,00,000",2023,On Going
192,Sansad Mad,Mandu,Bishnugarh,Kargalo,Construction of deep boring near the house of Sahadev Das in village Kargalo Harijan Tola.,"2,00,000",2022,On Going
228,Sansad Mad,Mandu,Bishnugarh,Kargalo,Construction of deep boring in the settlement below village Kargalon Harijan Tola.,"2,00,000",2022,On Going
279,Sansad Mad,Mandu,Bishnugarh,Saraiya,Construction of PCC path from Dhanshyam Mahato's house to the pond in village Saraiya Tand.,"5,00,000",2023,On Going
291,Sansad Mad,Mandu,Bishnugarh,Vedahariara,Construction of Pebhar block from Chhotan Sav's house to the ghat in village Ramua.,"5,00,000",2023,On Going
3,Khanij Mad,Mandu,Churchu,,Rural Pipe Line Water Supply Action Plan in Churchu West,"350,673,000.00",2021,Completed
4,Khanij Mad,Mandu,Churchu,,Rural Pipe Line Water Supply Work Plan in Churchu East,"122,515,000.00",2022,Completed
69,Khanij Mad,Mandu,Churchu,,Miscellaneous work for construction of Covid-19 ward in Churchu Community Health Center,"19,581,300.00",2021,Completed
117,Khanij Mad,Mandu,Churchu,,Construction of road from 15 miles under Block-Churchu to Dhubha (Jarba) drain via Phusri Indra.,"9,003,900.00",2021,Completed
144,Khanij Mad,Mandu,Churchu,,Repair of NH 100 Tatijharia to Khambhwa road. (1.300 km),"8,833,600.00",2022,Completed
121,Khanij Mad,Mandu,Churchu,,"Under Block-Churchu, construction of road from Indira Panchayat Bhawan via Hendegadha Panchayat Bhawan to Harhad via Nimadih.","8,611,200.00",2021,Completed
130,Khanij Mad,Mandu,Churchu,,Construction of bridge in Kumhra river of Bodra Lasodh of Panchayat Churchu.,"4,998,600.00",2022,Completed
16,Khanij Mad,Mandu,Churchu,,Strengthening the system in 40 primary schools under Hazaribagh district.,"4,537,500.00",2021,Completed
86,Khanij Mad,Mandu,Churchu,,"Work related to strengthening of Primary Health Center, Charhi.","3,962,000.00",2022,Completed
84,Khanij Mad,Mandu,Churchu,,"Miscellaneous construction work at Community Health Centre, Churchu.","3,332,300.00",2022,Completed
87,Khanij Mad,Mandu,Churchu,,Work related to strengthening of primary health centers and organs.,"2,960,500.00",2022,Completed
89,Khanij Mad,Mandu,Churchu,,"Miscellaneous construction work in the newly constructed Covid ward of Community Health Centre, Churchu.","912,300.00",2023,Completed
41,Khanij Mad,Mandu,Churchu,,Repair of 35 Anganwadi centers,"550,191.00",2022,Completed
49,Khanij Mad,Mandu,Churchu,,06 Repair of Anganwadi centers,"500,500.00",2022,Completed
102,Khanij Mad,Mandu,Churchu,,Plan to develop market for goods manufactured by Sakhi Mandali,"18,750.00",2023,Completed
51,Khanij Mad,Mandu,Churchu,,Strengthening/upgradation of upgraded UT organs.,"29,213,800.00",2022,On Going
98,Khanij Mad,Mandu,Churchu,,"Miscellaneous works for upgradation of Upgraded Middle School, Sarwaha.","12,880,600.00",2022,On Going
71,Khanij Mad,Mandu,Churchu,,"Various works for the upgradation of Project Girls High School, Charhi.","12,305,600.00",2022,On Going
391,Khanij Mad,Mandu,Churchu,,Construction of paved road from the house of Karmabedha Shankar Murmu of village Indra to Fauji Hotel NH-33.,"11,112,970.00",2023,On Going
385,Khanij Mad,Mandu,Churchu,,PCC from Bokaro river to Nandlal Mahato's house in Tola-Tarvatand of village-Basadih of Panchayat Indra-06. Path construction.,"9,838,300.00",2023,On Going
100,Khanij Mad,Mandu,Churchu,,"Miscellaneous works for upgradation of Upgraded Middle School, Hendegadha.","7,276,100.00",2022,On Going
101,Khanij Mad,Mandu,Churchu,,"Various works for upgradation of Upgraded Middle School, Indira.","4,984,400.00",2022,On Going
155,Khanij Mad,Mandu,Churchu,,Modeling of 200 Anganwadi centers,"4,000,000.00",2021,On Going
182,Khanij Mad,Mandu,Churchu,,Modeling of 103 Anganwadi centers,"1,795,747.00",2023,On Going
96,Khanij Mad,Mandu,Churchu,,Construction of boundary wall of new primary school in Gram Panchayat Chanaro under Churchu block.,"1,681,600.00",2022,On Going
199,Khanij Mad,Mandu,Churchu,,Modeling of 84 Anganwadi centers,"1,464,493.00",2023,On Going
309,Khanij Mad,Mandu,Churchu,,"Building repair work of Marshall Primary Weavers Co-operation Committee Ltd., Kajri.","1,376,300.00",2021,On Going
280,Sansad Mad,Mandu,Churchu,Charhi,Deepening and beautification of the pond behind village Charhi Birsa ground.,"5,00,000",2023,On Going
5,Khanij Mad,Mandu,Dadi,,Rural Pipe Line Water Supply Work Plan in Hesalang Tangi and other villages,"185,512,000.00",2023,Completed
98,Khanij Mad,Mandu,Dadi,,Establishment of total 20 cage cultures under Dadi block.,"13,547,600.00",2022,Completed
131,Khanij Mad,Mandu,Dadi,,Road construction including culvert from Kanaki Dadi Marg to Gandhoniya Dham under Kanaki Panchayat.,"9,973,500.00",2022,Completed
116,Khanij Mad,Mandu,Dadi,,Construction of road from Tehratand turn to Kurkutta Basti in village Kurkutta under Block-Dadi.,"9,766,500.00",2021,Completed
120,Khanij Mad,Mandu,Dadi,,Construction of road from Mishrain Modha to Rikwa bridge under Block-Dadi.,"9,560,300.00",2021,Completed
31,Khanij Mad,Mandu,Dadi,,Renovation of 124 Anganwadi centers,"6,037,000.00",2021,Completed
147,Khanij Mad,Mandu,Dadi,,"Construction of PCC road from Kisan Mazdoor High School, Hirak Road to Dinesh Rana's house in village Giddi Si under Dadi Panchayat. (0.800 km)","5,045,000.00",2022,Completed
19,Khanij Mad,Mandu,Dadi,,Strengthening the system in 40 primary schools under Hazaribagh district.,"4,537,500.00",2021,Completed
132,Khanij Mad,Mandu,Dadi,,Construction of a bridge near Rupa Nala on the road leading to Pesarakandi in village Rabodh under Rabodh Panchayat.,"2,492,500.00",2022,Completed
57,Khanij Mad,Mandu,Dadi,,"Supply of 480 Sahiya kits in Dadi, Keredari and Barakagaon","322,667.00",2021,Completed
105,Khanij Mad,Mandu,Dadi,,Plan to develop market for goods manufactured by Sakhi Mandali,"18,750.00",2023,Completed
49,Khanij Mad,Mandu,Dadi,,"Strengthening/Upgradation of ANS+2 High School, Raleigh.","32,967,600.00",2021,On Going
390,Khanij Mad,Mandu,Dadi,,Construction of road from Religadha East Panchayat Bhawan through hill to Kendua Tola.,"15,939,960.00",2023,On Going
384,Khanij Mad,Mandu,Dadi,,Construction of a road from Deepak Singh's house to Jodhi Ganjhu's house in village Rabodh.,"9,989,800.00",2023,On Going
87,Khanij Mad,Mandu,Dadi,,"Miscellaneous work for upgradation of Middle School, Giddi ‘C’.","9,988,100.00",2022,On Going
86,Khanij Mad,Mandu,Dadi,,"Miscellaneous work for upgradation of Middle School, Dadi.","6,908,600.00",2022,On Going
91,Khanij Mad,Mandu,Dadi,,"Miscellaneous works for upgradation of Urdu Advanced Middle School, Huwag.","6,364,200.00",2022,On Going
275,Khanij Mad,Mandu,Dadi,,"Upgradation work of Health Sub Center, Dadi of Dadi Block.","2,413,700.00",2023,On Going
67,Khanij Mad,Mandu,Dadi,,Construction of boundary wall of Kodve Middle School.,"2,309,500.00",2022,On Going
271,Khanij Mad,Mandu,Dadi,,"Upgradation work of Health Sub Center, Hesalong of Dadi Block.","1,982,350.00",2022,On Going
185,Khanij Mad,Mandu,Dadi,,Modeling of 103 Anganwadi centers,"1,795,747.00",2023,On Going
202,Khanij Mad,Mandu,Dadi,,Modeling of 84 Anganwadi centers,"1,464,493.00",2023,On Going
270,Khanij Mad,Mandu,Dadi,,"Upgradation work of Health Sub Center, Balasgara of Dadi Block.","1,159,400.00",2022,On Going
188,Sansad Mad,Mandu,Dadi,Balsagra,Construction of PCC path from Radhu Prajapati's house to Mahavir Prajapati's house in village Kumhar Tola.,"2,00,000",2022,Completed
189,Sansad Mad,Mandu,Dadi,Balsagra,Construction of PCC road from Patel Club to Devi Mandap in village Balasgara.,"2,00,000",2022,Completed
224,Sansad Mad,Mandu,Dadi,Balsagra,Deepening and widening work of Bhurkunda pond in Sharma Tola in Panchayat Balasgara of Dadi block.,"9,00,000",2021,On Going
342,Sansad Mad,Mandu,Dadi,Balsagra,Construction of ghat in the pond in Gram Panchayat Balasgara.,"6,00,000",2023,On Going
281,Sansad Mad,Mandu,Dadi,Balsagra,Construction and beautification of ghat in village Balasgara pond.,"5,00,000",2023,On Going
221,Sansad Mad,Mandu,Dadi,Balsagra,Construction of drain from Vakil Kumar Mahato's house to Bablu Mahato's house in village Balasgara.,"2,00,000",2020,On Going
187,Sansad Mad,Mandu,Dadi,Huvag,Construction of PCC road from Bajrang Bali temple to Satyanarayan Tiwari's house in village Patrangi.,"2,00,000",2022,Completed
272,Sansad Mad,Mandu,Dadi,Kanki,"Construction of ghat in the pond in Panchayat Kanki, Village Hosir.","5,00,000",2023,On Going
251,Sansad Mad,Mandu,Dadi,Rabodh,Construction of cultural building near the house of Gulchand Mahato in Tola Royang in Panchayat Rabodh village Kodve.,"3,00,000",2023,On Going
232,Sansad Mad,Mandu,Dadi,रबोध,"In place of deepening and widening of Guria pond of Ramswaroop Singh in Rabodh Gram Panchayat of Dadi Block, deepening and widening of Guria Pond in Rabodh Gram Panchayat of Dadi Block.","6,00,000",2021,On Going
312,Sansad Mad,Mandu,Mandu,Kedala North,Beautification of Bhar Giri pond in village Digwar Kanoda Gadha.,"5,00,000",2023,Completed
306,Sansad Mad,Mandu,Mandu,Kujju South,Construction of cremation shed and staircase on the banks of Chautha river in southern village Kujju (Hesagadha).,"5,00,000",2023,Completed
322,Sansad Mad,Mandu,Mandu,Kujju South,Construction of bathing ghat in the pond of village Kujju Murpa Kauleshwar Mahato.,"5,00,000",2023,Completed
305,Sansad Mad,Mandu,Mandu,Kujju South,Purchase of two computer sets and ten sewing machines for providing training to women in Ujjwala Foundation.,"2,00,000",2023,Completed
310,Sansad Mad,Mandu,Mandu,Manjhlachumba,Construction of ghat in village Chhotka Chumba government pond.,"5,00,000",2023,Completed
311,Sansad Mad,Mandu,Mandu,Nawadih,Construction of pond in the land of village Nawadih Bihari Mahato.,"5,00,000",2023,Completed
323,Sansad Mad,Mandu,Mandu,Sondiha,Construction of ghat on the south side of village Bhadwa pond.,"5,00,000",2023,Completed
18,Khanij Mad,Mandu,Tati Jhariya,,Strengthening the system in 40 primary schools under Hazaribagh district.,"4,537,500.00",2021,Completed
30,Khanij Mad,Mandu,Tati Jhariya,,Construction of boundary wall of upgraded middle school Holang in Panchayat Tatijharia-1.,"2,109,000.00",2022,Completed
104,Khanij Mad,Mandu,Tati Jhariya,,Plan to develop market for goods manufactured by Sakhi Mandali,"18,750.00",2023,Completed
104,Khanij Mad,Mandu,Tati Jhariya,,"Miscellaneous works for upgradation of Upgraded +2 High School, Jharpo.","12,349,700.00",2022,On Going
122,Khanij Mad,Mandu,Tati Jhariya,,"Miscellaneous works for upgradation of Upgraded Middle School, Bedmakka.","11,243,100.00",2023,On Going
353,Khanij Mad,Mandu,Tati Jhariya,,(Path 200 meters and guardwall 150 meters),"9,344,300.00",2022,On Going
62,Khanij Mad,Mandu,Tati Jhariya,,"Miscellaneous work for upgradation of Dharampur +2 High School, Dharampur.","8,693,800.00",2022,On Going
79,Khanij Mad,Mandu,Tati Jhariya,,"Miscellaneous works for upgradation of Upgraded Middle School, Murki.","7,835,400.00",2022,On Going
77,Khanij Mad,Mandu,Tati Jhariya,,"Miscellaneous works for upgradation of Upgraded Middle School, Holang.","7,145,500.00",2022,On Going
184,Khanij Mad,Mandu,Tati Jhariya,,Modeling of 103 Anganwadi centers,"1,795,747.00",2023,On Going
201,Khanij Mad,Mandu,Tati Jhariya,,Modeling of 84 Anganwadi centers,"1,464,493.00",2023,On Going
160,Sansad Mad,Mandu,Tati Jhariya,Dharampur,Construction of PCC road from Sukar Ram's house to Nago Ram's house in village Dharampur.,"2,00,000",2022,Completed
161,Sansad Mad,Mandu,Tati Jhariya,Dharampur,Deepening of Dudiabad pond in village Khambhwa.,"2,00,000",2022,Completed
162,Sansad Mad,Mandu,Tati Jhariya,Dharampur,Deepening of Badki canal in Hardiya Tola in village Chiruwa.,"2,00,000",2022,Completed
277,Sansad Mad,Mandu,Tati Jhariya,Dharampur,Construction of bath house and ghat in Khambhwa canal in village Khambhwa.,"5,00,000",2023,On Going
290,Sansad Mad,Mandu,Tati Jhariya,Dharampur,Construction of bath house and ghat in Khambhwa Dam in village Khambhwa.,"5,00,000",2023,On Going
293,Sansad Mad,Mandu,Tati Jhariya,Dharampur,Construction of bathing house and ghat in the pond near Shiv temple in village Dharampur.,"5,00,000",2023,On Going
304,Sansad Mad,Ramgarh,Cantonment Board,Ward No. 3,Construction of PCC road from Dhamendra Pasi's house to Damodar River in Ward No. 03 of Ramgarh Cantonment Council.,"5,00,000",2023,Completed
336,Sansad Mad,Ramgarh,Cantonment Board,Ward No. 4,Construction of shed in Kayeri Tola (Muda Tola Garh Baba) pond.,"5,00,000",2023,Completed
307,Sansad Mad,Ramgarh,Cantonment Board,Ward No. 6,Construction of PCC path from Om Prakash Chauhan's house to Dr. Aarti Dipti's house near Ramgarh block in Ward No. 06 of Ramgarh Cantonment Council.,"4,00,000",2023,Completed
301,Sansad Mad,Ramgarh,Cantonment Board,Ward No. 8,Construction of a cultural building next to Ramgarh Mahila College located at Ward No. 08 Bijulia Talab Road of Ramgarh Cantonment Board.,"5,00,000",2023,Completed
308,Sansad Mad,Ramgarh,Cantonment Board,Ward No. 8,Construction of marriage hall in Patel Dharamshala in Ward No. 08 of Ramgarh Cantonment Council.,"10,00,000",2023,Completed
331,Sansad Mad,Ramgarh,Chitarpur,Chitarpur North,Construction of PCC path from Arjun Ram's house to Sanjay Chaurasia's house.,"5,00,000",2023,Completed
319,Sansad Mad,Ramgarh,Chitarpur,Marangmarcha,Construction of a pond in the land of village Marangmarcha Azad Shatru Singh.,"5,00,000",2023,Completed
330,Sansad Mad,Ramgarh,Dulmi,Ichatu,Construction of ghat in village Jamsingh pond.,"5,00,000",2023,Completed
318,Sansad Mad,Ramgarh,Dulmi,Soso,Construction of ghat in Gam Dhutuwa drain.,"5,00,000",2023,Completed
320,Sansad Mad,Ramgarh,Gola,Banda,Construction of ghat in the river next to village Murpa check dam.,"5,00,000",2023,Completed
332,Sansad Mad,Ramgarh,Gola,Bariyatu,Deepening and beautification of the pond located in the mango orchard of village Kamta Vijay Kumar Ojha.,"5,00,000",2023,Completed
333,Sansad Mad,Ramgarh,Gola,Barlanga,Deepening of village Barlanga Pakhana Ghat pond.,"5,00,000",2023,Completed
339,Sansad Mad,Ramgarh,Gola,Barlanga,Installation of a deep boring and construction of water reservoir near the newly constructed Durga temple in village Barlanga.,"3,00,000",2023,Completed
321,Sansad Mad,Ramgarh,Gola,Nawadih,Construction of pond in village Nawadih Tola Puswadih.,"5,00,000",2023,Completed
324,Sansad Mad,Ramgarh,Ramgarh City Council,Bongabar,Deepening and beautification of village Bongabar Bhogta pond.,"5,00,000",2023,Completed
302,Sansad Mad,Ramgarh,Ramgarh City Council,Chhutuva,Construction of PCC road from Balrud Bedia's house to the railway line in village Ghutwa.,"2,00,000",2023,Completed
317,Sansad Mad,Ramgarh,Ramgarh City Council,Digwar,"""Beautification of Bhargiri pond in village Digwar Kanoda Gadha.""","5,00,000",2023,Completed
335,Sansad Mad,Ramgarh,Ramgarh City Council,Sevata,Deepening and beautification of the pond of village Sevata Mahadev Munda.,"5,00,000",2023,Completed
316,Sansad Mad,Ramgarh,Ramgarh Gramin,Kundru Kala,Construction of drain from the house of village Kundrukala Pradeep Kumar Mehta to Kurmi pond.,"5,00,000",2023,Completed
328,Sansad Mad,Ramgarh,Ramgarh Gramin,Kundru Kala,Construction of a pond in the land of Fulchand Mahato in Tola Nawadih.,"5,00,000",2023,Completed