S.No.,Fund,Vidhan Sabha,Mandal,Panchayat,Project Description,Amount Recommended,Year Recommended,Project Status
1,खनिज मद ,बड़कागांव,Barkagaon,,ग्राम असवा-पोटंगा में जलापूर्ति कार्य योजना,"66,493,000",2020,Completed
2,खनिज मद ,बड़कागांव,Barkagaon,,ग्राम गरशुल्ला-जरजरा में जलापूर्ति कार्य योजना,"78,604,000",2021,Completed
3,खनिज मद ,मांडू,Churchu,,चुरचू पश्चिमी में ग्रामीण पाईप लाईन जलापूर्ति कार्य योजना,"350,673,000",2021,Completed
4,खनिज मद ,मांडू,Churchu,,चुरचू पूर्वी में ग्रामीण पाईप लाईन जलापूर्ति कार्य योजना,"122,515,000",2022,Completed
5,खनिज मद ,मांडू,Dadi,,हेसालांग टांगी एवं अन्य ग्रामों में ग्रामीण पाईप लाईन जलापूर्ति कार्य योजना,"185,512,000",2023,Completed
6,खनिज मद ,बड़कागांव,Barkagaon,,नयाटांड एवं अन्य ग्रामों में ग्रामीण पाईप लाईन जलापूर्ति कार्य योजना,"67,218,000",2023,Ongoing
7,खनिज मद ,बड़कागांव,Barkagaon,,स्वच्छ भारत मिशन के तहत 7000 आई0एच0एच0एल0एस0 एवं चापाकल मरम्मती कार्य,"54,248,000",2023,Completed
8,खनिज मद ,बड़कागांव,Keredari,,बुण्डु एवं अन्य ग्रामों में ग्रामीण पाईप लाईन जलापूर्ति कार्य योजना,"55,980,000",2023,Ongoing
9,खनिज मद ,बड़कागांव,Keredari,,स्वच्छ भारत मिशन के तहत 7000 आई0एच0एच0एल0एस0 एवं चापाकल मरम्मती कार्य,"54,248,000",2023,Completed
10,खनिज मद ,Hazaribagh,Katkamdag,,कटकमदाग प्रखण्ड अन्तर्गत बेंदी ग्राम स्थित पुनर्वास स्थल पर डीप बोरिंग का निर्माण। (चार अद्द),"1,890,000",2023,Completed
11,खनिज मद ,बड़कागांव,Barkagaon,,बड़कागांव प्रखण्ड अन्तर्गत उरूब ग्राम स्थित पुनर्वास स्थल पर डीप बोरिंग (सोलर आधारित) का निर्माण। (तीन अद्द),"2,030,950",2023,Completed
12,खनिज मद ,Hazaribagh,Sadar,,सदर प्रखण्ड अन्तर्गत रूकमिनि पुस्तकालय का उन्नयन,"200,000",2021,Completed
13,खनिज मद ,बड़कागांव,Barkagaon,,बड़ाकागांव प्रखण्ड अन्तर्गत रजेन्द्र पुस्तकालय का उन्नयन,"682,000",2021,Completed
14,खनिज मद ,बरही,Barhi,,25 सामुदायिक शौचालयों में जलापूर्ति कार्य।,"1,727,388",2023,Ongoing
15,खनिज मद ,बड़कागांव,Keredari,,केरेडारी प्रखण्ड अन्तर्गत एस0एस0 +2 उच्च विद्यालय का उन्नयन (2 स्मार्ट क्लास),"500,000",2021,Completed
16,खनिज मद ,Hazaribagh,Katkamdag,,हजारीबाग जिलान्तर्गत 40 प्राथमिक विद्यालयों में व्यवस्था सुदृढ़ीकरण।,"4,537,500",2021,Completed
17,खनिज मद ,Hazaribagh,Daru,,25 सामुदायिक शौचालयों में जलापूर्ति कार्य।,"1,727,388",2023,Ongoing
18,खनिज मद ,Hazaribagh,Katkamsandi,,हजारीबाग जिलान्तर्गत 40 प्राथमिक विद्यालयों में व्यवस्था सुदृढ़ीकरण।,"4,537,500",2021,Completed
19,खनिज मद ,मांडू,Vishnugarh,,25 सामुदायिक शौचालयों में जलापूर्ति कार्य।,"1,727,388",2023,Ongoing
20,खनिज मद ,बड़कागांव,Keredari,,हजारीबाग जिलान्तर्गत 40 प्राथमिक विद्यालयों में व्यवस्था सुदृढ़ीकरण।,"4,537,500",2021,Completed
21,खनिज मद ,बड़कागांव,Barkagaon,,10 सामुदायिक शौचालयों में जलापूर्ति कार्य।,"460,637",2023,Ongoing
22,खनिज मद ,मांडू,Churchu,,हजारीबाग जिलान्तर्गत 40 प्राथमिक विद्यालयों में व्यवस्था सुदृढ़ीकरण।,"4,537,500",2021,Completed
23,खनिज मद ,Hazaribagh,Sadar,,10 सामुदायिक शौचालयों में जलापूर्ति कार्य।,"460,637",2023,Ongoing
24,खनिज मद ,बरही,Chouparan,,हजारीबाग जिलान्तर्गत 40 प्राथमिक विद्यालयों में व्यवस्था सुदृढ़ीकरण।,"4,537,500",2021,Completed
25,खनिज मद ,बरही,Padma,,10 सामुदायिक शौचालयों में जलापूर्ति कार्य।,"460,637",2023,Ongoing
26,खनिज मद ,मांडू,Tatijhariya,,हजारीबाग जिलान्तर्गत 40 प्राथमिक विद्यालयों में व्यवस्था सुदृढ़ीकरण।,"4,537,500",2021,Completed
27,खनिज मद ,Hazaribagh,Katkamdag,,10 सामुदायिक शौचालयों में जलापूर्ति कार्य।,"460,637",2023,Ongoing
28,खनिज मद ,मांडू,Dadi,,हजारीबाग जिलान्तर्गत 40 प्राथमिक विद्यालयों में व्यवस्था सुदृढ़ीकरण।,"4,537,500",2021,Completed
29,खनिज मद ,Hazaribagh,Katkamsandi,,10 सामुदायिक शौचालयों में जलापूर्ति कार्य।,"460,637",2023,Ongoing
30,खनिज मद ,Hazaribagh,Daru,,हजारीबाग जिलान्तर्गत 40 प्राथमिक विद्यालयों में व्यवस्था सुदृढ़ीकरण।,"4,537,500",2021,Completed
31,खनिज मद ,बरही,Padma,,हजारीबाग जिलान्तर्गत 40 प्राथमिक विद्यालयों में व्यवस्था सुदृढ़ीकरण।,"4,537,500",2021,Completed
32,खनिज मद ,बड़कागांव,Barkagaon,,हजारीबाग जिलान्तर्गत 40 प्राथमिक विद्यालयों में व्यवस्था सुदृढ़ीकरण।,"4,537,500",2021,Completed
33,खनिज मद ,बरही,Barhi,,हजारीबाग जिलान्तर्गत 40 प्राथमिक विद्यालयों में व्यवस्था सुदृढ़ीकरण।,"4,537,500",2021,Completed
34,खनिज मद ,मांडू,Vishnugarh,,हजारीबाग जिलान्तर्गत 40 प्राथमिक विद्यालयों में व्यवस्था सुदृढ़ीकरण।,"4,537,500",2022,Completed
35,खनिज मद ,Hazaribagh,Sadar,,हजारीबाग जिलान्तर्गत 40 प्राथमिक विद्यालयों में व्यवस्था सुदृढ़ीकरण।,"4,537,500",2022,Completed
36,खनिज मद ,Hazaribagh,Sadar,,"समर्थ आवासीय विद्यालय, हजारीबाग के चाहरदिवारी का जीर्णोद्धार कार्य।","2,481,800",2022,Completed
37,खनिज मद ,Hazaribagh,Sadar,,"समर्थ आवासीय विद्यालय, हजारीबाग के ब्लॉक-ए एवं सी का जीर्णोद्धार कार्य।","2,496,100",2022,Completed
38,खनिज मद ,Hazaribagh,Sadar,,"समर्थ आवासीय विद्यालय, हजारीबाग के ब्लॉक-बी का जीर्णोद्धार कार्य।","2,419,150",2022,Completed
39,खनिज मद ,Hazaribagh,Sadar,,"समर्थ आवासीय विद्यालय, हजारीबाग के कार्यालय भवन का जीर्णोद्धार कार्य।","2,139,960",2022,Completed
40,खनिज मद ,मांडू,Tatijhariya,,पंचायत टाटीझरिया-1 में उत्क्रमित मध्य विद्यालय होलंग का चाहरदीवारी निर्माण।,"2,109,000",2022,Completed
41,खनिज मद ,मांडू,Dadi,,124 आंगनबाडी केन्द्रों का नवीनीकरण,"6,037,000",2021,Completed
42,खनिज मद ,बड़कागांव,Keredari,,124 आंगनबाडी केन्द्रों का नवीनीकरण,"6,037,000",2021,Completed
43,खनिज मद ,बड़कागांव,Barkagaon,,124 आंगनबाडी केन्द्रों का नवीनीकरण,"6,037,000",2021,Completed
44,खनिज मद ,बरही,Barhi,,35 आंगनबाडी केन्द्रों का मरम्मती,"550,191",2021,Completed
45,खनिज मद ,बड़कागांव,Keredari,,35 आंगनबाडी केन्द्रों का मरम्मती,"550,191",2021,Completed
46,खनिज मद ,Hazaribagh,Katkamsandi,,35 आंगनबाडी केन्द्रों का मरम्मती,"550,191",2021,Completed
47,खनिज मद ,Hazaribagh,Sadar,,35 आंगनबाडी केन्द्रों का मरम्मती,"550,191",2021,Completed
48,खनिज मद ,बड़कागांव,Barkagaon,,35 आंगनबाडी केन्द्रों का मरम्मती,"550,191",2021,Completed
49,खनिज मद ,बरही,Chouparan,,35 आंगनबाडी केन्द्रों का मरम्मती,"550,191",2021,Completed
50,खनिज मद ,बरही,Padma,,35 आंगनबाडी केन्द्रों का मरम्मती,"550,191",2022,Completed
51,खनिज मद ,मांडू,Churchu,,35 आंगनबाडी केन्द्रों का मरम्मती,"550,191",2022,Completed
52,खनिज मद ,बरही,Barhi,,13 आंगनबाडी केन्द्रों का मरम्मती,"683,463",2022,Completed
53,खनिज मद ,बड़कागांव,Keredari,,13 आंगनबाडी केन्द्रों का मरम्मती,"683,463",2022,Completed
54,खनिज मद ,Hazaribagh,Katkamsandi,,13 आंगनबाडी केन्द्रों का मरम्मती,"683,463",2022,Completed
55,खनिज मद ,मांडू,Vishnugarh,,13 आंगनबाडी केन्द्रों का मरम्मती,"683,463",2021,Completed
56,खनिज मद ,Hazaribagh,Sadar,,13 आंगनबाडी केन्द्रों का मरम्मती,"683,463",2022,Completed
57,खनिज मद ,बरही,Padma,,13 आंगनबाडी केन्द्रों का मरम्मती,"683,463",2022,Completed
58,खनिज मद ,बड़कागांव,Keredari,,06 आंगनबाडी केन्द्रों का मरम्मती,"500,500",2022,Completed
59,खनिज मद ,मांडू,Dadi,,"ए0एन0एस +2 उच्च विद्यालय, रैलीगढ़ा का सुदृढ़ीकरण/ उन्नयन।","32,967,600",2021,Ongoing
60,खनिज मद ,मांडू,Churchu,,06 आंगनबाडी केन्द्रों का मरम्मती,"500,500",2022,Completed
61,खनिज मद ,बड़कागांव,Keredari,,"एस0एस0 +2 उच्च विद्यालय, केरेडारी का सुदृढ़ीकरण/ उन्नयन।","32,994,000",2021,Ongoing
62,खनिज मद ,बरही,Barhi,,06 आंगनबाडी केन्द्रों का नया भवन निर्माण,"2,994,600",2023,Completed
63,खनिज मद ,मांडू,Churchu,,उत्क्रमित उ0वि0 आंगो का सुदृढ़ीकरण/ उन्नयन।,"29,213,800",2022,Ongoing
64,खनिज मद ,Hazaribagh,Sadar,,06 आंगनबाडी केन्द्रों का नया भवन निर्माण,"2,994,600",2023,Completed
65,खनिज मद ,बड़कागांव,Barkagaon,,#ERROR!,"34,807,900",2022,Ongoing
66,खनिज मद ,Hazaribagh,Sadar,,"सम्प्रेक्षण गृह, हजारीबाग का व्यवस्था सुदृढ़ीकरण हेतु विविध कार्य . 1","3,379,100",2023,Completed
67,खनिज मद ,Hazaribagh,Katkamsandi,,#ERROR!,"39,455,700",2022,Ongoing
68,खनिज मद ,Hazaribagh,Sadar,,"सम्प्रेक्षण गृह, हजारीबाग का व्यवस्था सुदृढ़ीकरण हेतु विविध कार्य . 2","6,273,600",2023,Completed
69,खनिज मद ,बरही,Chouparan,,"के0बी0एस0एस0 +2 उच्च विद्यालय, चौपारण के सुदृढ़ीकारण/उन्नयन हेतु विविध कार्य।","30,734,100",2022,Ongoing
70,खनिज मद ,Hazaribagh,Katkamdag,,08 आंगनबाडी केन्द्रों का मरम्मती,"1,016,250",2023,Completed
71,खनिज मद ,बड़कागांव,Keredari,,08 आंगनबाडी केन्द्रों का मरम्मती,"1,016,250",2023,Completed
72,खनिज मद ,Hazaribagh,Daru,,08 आंगनबाडी केन्द्रों का मरम्मती,"1,016,250",2023,Completed
73,खनिज मद ,मांडू,Dadi,,"डाड़ी, केरेडारी एवं बड़ाकागांव में 480 सहिया किट की अपूर्त्ति","322,667",2021,Completed
74,खनिज मद ,बड़कागांव,Keredari,,"डाड़ी, केरेडारी एवं बड़ाकागांव में 480 सहिया किट की अपूर्त्ति","322,667",2021,Completed
75,खनिज मद ,बरही,Chouparan,,पंचायत बच्छई मॉडल स्कूल में पेयजल की व्यवस्था।,"1,092,640",2022,Ongoing
76,खनिज मद ,बड़कागांव,Barkagaon,,"डाड़ी, केरेडारी एवं बड़ाकागांव में 480 सहिया किट की अपूर्त्ति","322,667",2021,Completed
77,खनिज मद ,Hazaribagh,Daru,,"महेशरा +2 उच्च विद्यालय, महेशरा के उन्नयन हेतु विविध कार्य।","30,150,000",2022,Ongoing
78,खनिज मद ,Hazaribagh,Sadar,,एस0बी0एम0सी0एच0 में 4 भेंटिलेटर का क्रय,"3,068,800",2021,Completed
79,खनिज मद ,मांडू,Vishnugarh,,"विष्णुगढ़ +2 उच्च विद्यालय, विष्णुगढ़ के उन्नयन हेतु विविध कार्य।","46,696,900",2022,Ongoing
80,खनिज मद ,Hazaribagh,Sadar,,डी0एम0एफ0टी0 के तहत चिकित्सा उपकरणों की खरीद - 1,"21,886,178",2021,Completed
81,खनिज मद ,मांडू,Tatijhariya,,"धरमपुर +2 उच्च विद्यालय, धरमपुर के उन्नयन हेतु विविध कार्य।","8,693,800",2022,Ongoing
82,खनिज मद ,Hazaribagh,Sadar,,एसबीएमसीएच में विधुत कार्य,"5,849,398",2021,Completed
83,खनिज मद ,बरही,Padma,,"पदमा आर0एन0 +2 उच्च विद्यालय, पदमा के उन्नयन हेतु विविध कार्य।","17,253,700",2022,Ongoing
84,खनिज मद ,बरही,Chouparan,,सीएचसी चौपारण का जीर्णोंद्धार,"8,395,200",2021,Completed
85,खनिज मद ,बरही,Barhi,,"बरही +2 उच्च विद्यालय, बरही के उन्नयन हेतु विविध कार्य।","32,081,700",2022,Ongoing
86,खनिज मद ,बरही,Barhi,,एसडीएच बरही का जीर्णोंद्धार,"7,768,400",2021,Completed
87,खनिज मद ,बरही,Barhi,,"पैथोलोजी लैब के साथ ब्लड बैंक का निर्माण, एसबीएमसीएच","46,776,500",2021,Completed
88,खनिज मद ,Hazaribagh,Sadar,,पीएसए प्लांट एसबीएमसीएच के लिए प्रत्येक 250 केवीए के 2 जेनरेटर की खरीद,"5,000,000",2021,Completed
89,खनिज मद ,बड़कागांव,Barkagaon,,पंचायत कांडतरी के खैरातरी में उत्क्रमित मध्य विद्यालय में चाहरदिवारी का निर्माण।,"4,598,900",2022,Ongoing
90,खनिज मद ,Hazaribagh,Katkamsandi,,कटकमसांडी सामुदायिक स्वास्थ्य केन्द्र के सुदृढ़ीकरण हेतु विविध कार्य,"7,004,350",2021,Completed
91,खनिज मद ,मांडू,Dadi,,कोदवे मध्य विद्यालय का चहारदिवारी निर्माण।,"2,309,500",2022,Ongoing
92,खनिज मद ,मांडू,Vishnugarh,,विष्णुगढ़ सामुदायिक स्वास्थ्य केन्द्र के सुदृढ़ीकरण हेतु विविध कार्य,"7,424,550",2021,Completed
93,खनिज मद ,मांडू,Churchu,,चुरचू सामुदायिक स्वास्थ्य केन्द्र में कोविड-19 वार्ड निर्माण हेतु विविध कार्य,"19,581,300",2021,Completed
94,खनिज मद ,Hazaribagh,Katkamdag,,"उत्क्रमित उच्च विद्यालय, कटकमदाग के उन्नयन हेतु विविध कार्य।","5,693,400",2022,Ongoing
95,खनिज मद ,बड़कागांव,Keredari,,केरेडारी सामुदायिक स्वास्थ्य केन्द्र में कोविड-19 वार्ड निर्माण हेतु विविध कार्य,"19,288,600",2022,Completed
96,खनिज मद ,मांडू,Churchu,,"परियोजना बालिका उच्च विद्यालय, चरही के उन्नयन हेतु विविध कार्य।","12,305,600",2022,Ongoing
97,खनिज मद ,Hazaribagh,Katkamsandi,,कटकमसांडी सामुदायिक स्वास्थ्य केन्द्र में चाहरदीवारी का निर्माण।,"2,473,200",2022,Completed
98,खनिज मद ,Hazaribagh,Sadar,,"बिहारी बालिका उच्च विद्यालय, हजारीबाग के उन्नयन हेतु विविध कार्य।","3,645,900",2022,Ongoing
99,खनिज मद ,मांडू,Vishnugarh,,विष्णुगढ़ सामुदायिक स्वास्थ्य केन्द्र अन्तर्गत पी0सी0सी0 पथ का निर्माण एवं चाहरदीवारी की मरम्मती।,"2,498,500",2022,Completed
100,खनिज मद ,Hazaribagh,Daru,,"झारखण्ड बालिका आवासीय विद्यालय, दारू का चाहरदिवारी निर्माण।","9,313,100",2022,Ongoing
101,खनिज मद ,मांडू,Vishnugarh,,विष्णुगढ़ सामुदायिक स्वास्थ्य केन्द्र अन्तर्गत  2 हाई मास्ट लाईट का अधिष्ठापन।,"1,988,300",2022,Completed
102,खनिज मद ,बड़कागांव,Barkagaon,,"उत्क्रमित मध्य विद्यालय, हरली के उन्नयन हेतु विविध कार्य।","6,829,200",2022,Ongoing
103,खनिज मद ,Hazaribagh,Katkamsandi,,कटकमसांडी सामुदायिक स्वास्थ्य केन्द्र अन्तर्गत 2 हाई मास्ट लाईट का अधिष्ठापन।,"1,988,300",2022,Completed
104,खनिज मद ,Hazaribagh,Sadar,,डी0एम0एफ0टी0 के तहत चिकित्सा उपकरणों की खरीद - 2,"24,947,538",2022,Completed
105,खनिज मद ,मांडू,Vishnugarh,,"मध्य विद्यालय, नरकीकला के उन्नयन हेतु विविध कार्य।","6,596,600",2022,Ongoing
106,खनिज मद ,मांडू,Vishnugarh,,"उत्क्रमित मध्य विद्यालय, नागी के उन्नयन हेतु विविध कार्य।","9,700,700",2022,Ongoing
107,खनिज मद ,Hazaribagh,Sadar,,एसबीएमसीएच में पोस्टमार्टम भवन का मरम्मती कार्य।,"1,938,900",2022,Completed
108,खनिज मद ,मांडू,Tatijhariya,,"उत्क्रमित मध्य विद्यालय, होलंग के उन्नयन हेतु विविध कार्य।","7,145,500",2022,Ongoing
109,खनिज मद ,Hazaribagh,Sadar,,सदर अस्पताल के पुराने भवन (ओ0पी0डी0) का जीर्णोद्धार कार्य।,"592,000",2022,Completed
110,खनिज मद ,बरही,Padma,,"मध्य विद्यालय, सूर्यपुरा के उन्नयन हेतु विविध कार्य।","7,530,500",2022,Ongoing
111,खनिज मद ,बड़कागांव,Keredari,,"सामुदायिक स्वास्थ्य केन्द्र, केरेडारी में विविध निर्माण कार्य।","3,921,200",2022,Completed
112,खनिज मद ,मांडू,Tatijhariya,,"उत्क्रमित मध्य विद्यालय, मुरकी के उन्नयन हेतु विविध कार्य।","7,835,400",2022,Ongoing
113,खनिज मद ,बरही,Barhi,,सामुदायिक स्वास्थ्य केन्द्र बरही में प्रसव कक्ष के स्ंफेीलं प्रमाणीकरण हेतु आवश्यक कार्य।,"3,158,550",2022,Completed
114,खनिज मद ,बरही,Padma,,उत्क्रमित मध्य विद्यालय जीहु अरार के उन्नयन हेतु विविध कार्य।,"8,610,600",2022,Ongoing
115,खनिज मद ,Hazaribagh,Katkamsandi,,"सामुदायिक स्वास्थ्य केन्द्र, कटकमसांडी में प्रसव कक्ष के स्ंफेीलं प्रमाणीकरण हेतु आवश्यक कार्य।","1,789,400",2022,Completed
116,खनिज मद ,Hazaribagh,Daru,,"मध्य विद्यालय, दारू बॉय के उन्नयन हेतु विविध कार्य।","12,160,200",2022,Ongoing
117,खनिज मद ,बरही,Chouparan,,"सामुदायिक स्वास्थ्य केन्द्र, चौपारण में प्रसव कक्ष के स्ंफेीलं प्रमाणीकरण हेतु आवश्यक कार्य।","1,391,700",2022,Completed
118,खनिज मद ,बरही,Barhi,,"उत्क्रमित मध्य विद्यालय, बेला के उन्नयन हेतु विविध कार्य।","11,457,600",2022,Ongoing
119,खनिज मद ,मांडू,Vishnugarh,,"सामुदायिक स्वास्थ्य केन्द्र, विष्णुगढ़ में प्रसव कक्ष के स्ंफेीलं प्रमाणीकरण हेतु आवश्यक कार्य।","1,455,300",2022,Completed
120,खनिज मद ,बरही,Barhi,,"मध्य विद्यालय, भण्डारों के उन्नयन हेतु विविध कार्य।","9,999,300",2022,Ongoing
121,खनिज मद ,बड़कागांव,Barkagaon,,"सामुदायिक स्वास्थ्य केन्द्र, बड़कागांव में प्रसव कक्ष के स्ंफेीलं प्रमाणीकरण हेतु आवश्यक कार्य।","2,130,600",2022,Completed
122,खनिज मद ,बरही,Chouparan,,"मध्य विद्यालय, चौपारण के उन्नयन हेतु विविध कार्य।","8,285,100",2022,Ongoing
123,खनिज मद ,मांडू,Churchu,,"सामुदायिक स्वास्थ्य केन्द्र, चुरचू में विविध निर्माण कार्य।","3,332,300",2022,Completed
124,खनिज मद ,बरही,Chouparan,,"मध्य विद्यालय, रामपुर के उन्नयन हेतु विविध कार्य।","9,091,700",2022,Ongoing
125,खनिज मद ,बड़कागांव,Barkagaon,,"प्राथमिक स्वास्थ्य केन्द्र, बादम का सुदृढ़ीकरण से संबंधित कार्य।","5,405,600",2022,Completed
126,खनिज मद ,मांडू,Dadi,,"मध्य विद्यालय, डाड़ी के उन्नयन हेतु विविध कार्य।","6,908,600",2022,Ongoing
127,खनिज मद ,मांडू,Churchu,,"प्राथमिक स्वास्थ्य केन्द्र, चरही का सुदृढ़ीकरण से संबंधित कार्य।","3,962,000",2022,Completed
128,खनिज मद ,मांडू,Dadi,,"मध्य विद्यालय, गिद्दी ‘सी’ के उन्नयन हेतु विविध कार्य।","9,988,100",2022,Ongoing
129,खनिज मद ,मांडू,Churchu,,"प्राथमिक स्वास्थ्य केन्द्र, आंगो का सुदृढ़ीकरण से संबंधित कार्य।","2,960,500",2022,Completed
130,खनिज मद ,Hazaribagh,Sadar,,"मध्य विद्यालय, हरहद के उन्नयन हेतु विविध कार्य।","6,042,900",2022,Ongoing
131,खनिज मद ,बड़कागांव,Barkagaon,,"प्राथमिक स्वास्थ्य केन्द्र, हरली का सुदृढ़ीकरण से संबंधित कार्य।","1,718,700",2022,Completed
132,खनिज मद ,Hazaribagh,Katkamdag,,"उत्क्रमित मध्य विद्यालय, कुसुम्भा के उन्नयन हेतु विविध कार्य।","5,213,000",2022,Ongoing
133,खनिज मद ,मांडू,Churchu,,"सामुदायिक स्वास्थ्य केन्द्र, चुरचू के नव निर्मित कोविड वार्ड में विविध निर्माण कार्य।","912,300",2023,Completed
134,खनिज मद ,Hazaribagh,Sadar,,"उत्क्रमित मध्य विद्यालय, रोला के उन्नयन हेतु विविध कार्य।","3,966,300",2022,Ongoing
135,खनिज मद ,बरही,Barhi,,,"823,445",2020,Completed
136,खनिज मद ,मांडू,Dadi,,"उर्दू उत्क्रमित मध्य विद्यालय, हुवाग के उन्नयन हेतु विविध कार्य।","6,364,200",2022,Ongoing
137,खनिज मद ,Hazaribagh,Katkamsandi,,,"823,445",2020,Completed
138,खनिज मद ,बड़कागांव,Barkagaon,,"पंचायत सांढ के ग्राम होरम में उत्क्रमित मध्य विद्यालय, होरम का चाहरदिवारी निर्माण कार्य।","1,255,100",2022,Ongoing
139,खनिज मद ,बरही,Chouparan,,,"823,445",2022,Completed
140,खनिज मद ,बड़कागांव,Barkagaon,,"पंचायत गरसुल्ला के ग्राम लुरूंगा में उत्क्रमित मध्य विद्यालय, लुरूंगा के उन्नयन हेतु विविध कार्य।","5,720,100",2022,Ongoing
141,खनिज मद ,मांडू,Vishnugarh,,,"823,445",2022,Completed
142,खनिज मद ,बड़कागांव,Keredari,,"केरेडारी प्रखण्डन्तर्गत पंचायत केरेडारी के ग्राम केरेडारी में उत्क्रमित मध्य विद्यालय, केरेडारी का चाहरदिवारी निर्माण।","1,612,100",2022,Ongoing
143,खनिज मद ,बड़कागांव,Barkagaon,,,"823,445",2022,Completed
144,खनिज मद ,Hazaribagh,Katkamdag,,"कटकमदाग प्रखण्डन्तर्गत, पंचायत अडरा के ग्राम सिमरिया में प्राथमिक विद्यालय, सिमरिया का चाहरदिवारी निर्माण।","1,387,900",2022,Ongoing
145,खनिज मद ,बड़कागांव,Keredari,,29 एस0एच0जी0 समूह का परिक्षण कार्य एवं कड़कनाथ मुर्गी का वितरण,"19,359",2022,Completed
146,खनिज मद ,मांडू,Churchu,,चुरचू प्रखण्डन्तर्गत ग्राम$पंचायत चनारो में नव प्राथमिक विद्यालय का चाहरदीवारी निर्माण।,"1,681,600",2022,Ongoing
147,खनिज मद ,बड़कागांव,Barkagaon,,29 एस0एच0जी0 समूह का परिक्षण कार्य एवं कड़कनाथ मुर्गी का वितरण,"19,359",2022,Completed
148,खनिज मद ,Hazaribagh,Sadar,,,"548,800",2022,Completed
149,खनिज मद ,मांडू,Dadi,,डाड़ी प्रखण्ड अन्तर्गत कुल 20 केज कल्चर का अधिष्ठापन।,"13,547,600",2022,Completed
150,खनिज मद ,मांडू,Churchu,,"उत्क्रमित मध्य विद्यालय, सरवाहा के उन्नयन हेतु विविध कार्य।","12,880,600",2022,Ongoing
151,खनिज मद ,Hazaribagh,Daru,,"मध्य विद्यालय, महेशरा के उन्नयन हेतु विविध कार्य।","14,405,900",2022,Ongoing
152,खनिज मद ,Hazaribagh,Katkamdag,,सखी मंडली द्वारा निर्मित सामग्रियों हेतु बाजार विकसित करने की योजना,"18,750",2023,Completed
153,खनिज मद ,मांडू,Churchu,,"उत्क्रमित मध्य विद्यालय, हेन्देगढ़ा के उन्नयन हेतु विविध कार्य।","7,276,100",2022,Ongoing
154,खनिज मद ,Hazaribagh,Katkamsandi,,सखी मंडली द्वारा निर्मित सामग्रियों हेतु बाजार विकसित करने की योजना,"18,750",2023,Completed
155,खनिज मद ,मांडू,Churchu,,"उत्क्रमित मध्य विद्यालय, इन्दिरा के उन्नयन हेतु विविध कार्य।","4,984,400",2022,Ongoing
156,खनिज मद ,बड़कागांव,Keredari,,सखी मंडली द्वारा निर्मित सामग्रियों हेतु बाजार विकसित करने की योजना,"18,750",2023,Completed
157,खनिज मद ,Hazaribagh,Katkamsandi,,"उत्क्रमित मध्य विद्यालय, एदला के उन्नयन हेतु विविध कार्य।","9,967,500",2022,Ongoing
158,खनिज मद ,मांडू,Churchu,,सखी मंडली द्वारा निर्मित सामग्रियों हेतु बाजार विकसित करने की योजना,"18,750",2023,Completed
159,खनिज मद ,Hazaribagh,Katkamsandi,,"उत्क्रमित उच्च विद्यालय, शाहपुर के उन्नयन हेतु विविध कार्य।","16,953,600",2022,Ongoing
160,खनिज मद ,बरही,Chouparan,,सखी मंडली द्वारा निर्मित सामग्रियों हेतु बाजार विकसित करने की योजना,"18,750",2023,Completed
161,खनिज मद ,मांडू,Tatijhariya,,"उत्क्रमित +2 उच्च विद्यालय, झरपो के उन्नयन हेतु विविध कार्य।","12,349,700",2022,Ongoing
162,खनिज मद ,मांडू,Tatijhariya,,सखी मंडली द्वारा निर्मित सामग्रियों हेतु बाजार विकसित करने की योजना,"18,750",2023,Completed
163,खनिज मद ,Hazaribagh,Sadar,,के0बी0 महिला महाविद्यालय परिसर में अवस्थित अनु0जन जाति बालिका छात्रावास के उन्नयन हेतु विविध कार्य।,"8,405,700",2022,Ongoing
164,खनिज मद ,मांडू,Dadi,,सखी मंडली द्वारा निर्मित सामग्रियों हेतु बाजार विकसित करने की योजना,"18,750",2023,Completed
165,खनिज मद ,Hazaribagh,Sadar,,"तकिया मजार के पीछे, नवाबगंज में अवस्थित अनु0जन जाति बालक छात्रावास के उन्नयन हेतु विविध कार्य।","5,421,200",2023,Ongoing
166,खनिज मद ,Hazaribagh,Daru,,सखी मंडली द्वारा निर्मित सामग्रियों हेतु बाजार विकसित करने की योजना,"18,750",2023,Completed
167,खनिज मद ,Hazaribagh,Sadar,,के0बी0 महिला महाविद्यालय परिसर में अवस्थित अनु0जाति बालिका छात्रावास के उन्नयन हेतु विविध कार्य।,"3,430,300",2023,Ongoing
168,खनिज मद ,बरही,Padma,,सखी मंडली द्वारा निर्मित सामग्रियों हेतु बाजार विकसित करने की योजना,"18,750",2022,Completed
169,खनिज मद ,Hazaribagh,Sadar,,"तकिया मजार के पीछे, नवाबगंज में अवस्थित अनु0जाति बालक छात्रावास के उन्नयन हेतु विविध कार्य।","5,983,800",2023,Ongoing
170,खनिज मद ,बड़कागांव,Barkagaon,,सखी मंडली द्वारा निर्मित सामग्रियों हेतु बाजार विकसित करने की योजना,"18,750",2022,Completed
171,खनिज मद ,Hazaribagh,Sadar,,के0बी0 महिला महाविद्यालय परिसर में अवस्थित पिछड़ी जाति बालिका छात्रावास के उन्नयन हेतु विविध कार्य।,"1,450,100",2023,Ongoing
172,खनिज मद ,बरही,Barhi,,सखी मंडली द्वारा निर्मित सामग्रियों हेतु बाजार विकसित करने की योजना,"18,750",2023,Completed
173,खनिज मद ,मांडू,Vishnugarh,,दौलत महतो बी0एड0 कॉलेज परिसर में अवस्थित अनु0जन जाति बालिका छात्रावास के उन्नयन हेतु विविध कार्य।,"1,596,225",2023,Ongoing
174,खनिज मद ,मांडू,Vishnugarh,,सखी मंडली द्वारा निर्मित सामग्रियों हेतु बाजार विकसित करने की योजना,"18,750",2021,Completed
175,खनिज मद ,Hazaribagh,Sadar,,सखी मंडली द्वारा निर्मित सामग्रियों हेतु बाजार विकसित करने की योजना,"18,750",2021,Completed
176,खनिज मद ,Hazaribagh,Sadar,,"प्रमण्डलीय पुस्तकालय (रूक्मणी भवन), हजारीबाग का उन्नयन हेतु विविध कार्य।","7,336,200",2023,Ongoing
177,खनिज मद ,Hazaribagh,Sadar,,हजारीबाग झील नं0-02 की साफ-सफाई,"643,600",2021,Completed
178,खनिज मद ,Hazaribagh,Sadar,,हजारीबाग झील नं0-04 की साफ-सफाई,"1,851,500",2021,Completed
179,खनिज मद ,बरही,Chouparan,,"परियोजना +2 उच्च विद्यालय, रामपुर के उन्नयन हेतु विविध कार्य।","7,570,800",2023,Ongoing
180,खनिज मद ,बड़कागांव,Barkagaon,,प्रखण्ड-बड़कागांव अन्तर्गत पंचायत आंगो ग्राम उरेज में चमन गंझू से गवांत देवी तक पी0सी0सी0 पथ का निर्माण,"7,286,800",2021,Completed
181,खनिज मद ,बड़कागांव,Keredari,,प्रखण्ड-केरेडारी अन्तर्गत पंचायत गर्रीकला में पी0डब्लूडी0 रोड से मस्जिद तक पथ का निर्माण,"9,989,800",2021,Completed
182,खनिज मद ,बड़कागांव,Keredari,,"कन्या मध्य विद्यालय, केरेडारी के उन्नयन हेतु विविध कार्य।","9,994,700",2023,Ongoing
183,खनिज मद ,मांडू,Dadi,,प्रखण्ड-डाड़ी अन्तर्गत ग्राम कुरकुटटा में टेहराटांड मोड़ से कुरकुट्टा बस्ती तक पथ निर्माण,"9,766,500",2021,Completed
184,खनिज मद ,मांडू,Churchu,,प्रखण्ड-चुरचू अन्तर्गत 15 माईल से फुसरी इन्दरा होते हुए ढुभा (जरबा) नाला तक पथ निर्माण,"9,003,900",2021,Completed
185,खनिज मद ,बड़कागांव,Keredari,,"मध्य विद्यालय, पेटो के उन्नयन हेतु विविध कार्य।","8,811,300",2023,Ongoing
186,खनिज मद ,बड़कागांव,Keredari,,"उत्क्रमित मध्य विद्यालय, जोरदाग के उन्नयन हेतु विविध कार्य।","14,253,300",2023,Ongoing
187,खनिज मद ,बरही,Chouparan,,प्रखण्ड-चौपारण अन्तर्गत पंचायत रामपुर के ग्राम बरवाडीह आरईओ रोड से गयपहरी तक पथ निर्माण,"9,821,928",2021,Completed
188,खनिज मद ,मांडू,Vishnugarh,,प्रखण्ड-विष्णुगढ़ अन्तर्गत पंचायत अचलजामो-3 के ग्राम अचलजामों के बसरियाटांड़ नाला में पुल निर्माण।,"5,726,500",2021,Completed
189,खनिज मद ,मांडू,Dadi,,प्रखण्ड-डाड़ी अन्तर्गत मिश्राइन मोढ़ा से रिकवा पुल तक पथ का निर्माण,"9,560,300",2021,Completed
190,खनिज मद ,बड़कागांव,Barkagaon,,"उत्क्रमित मध्य विद्यालय, गरसुल्ला के उन्नयन हेतु विविध कार्य।","7,686,200",2023,Ongoing
191,खनिज मद ,मांडू,Churchu,,प्रखण्ड-चुरचू अन्तर्गत इन्दिरा पंचायत भवन से हेन्देगढ़ा पंचायत भवन होते हुए नीमाडीह होते हुए हरहद तक पथ निर्माण,"8,611,200",2021,Completed
192,खनिज मद ,मांडू,Vishnugarh,,"उत्क्रमित मध्य विद्यालय, गोबिन्दपुर खुर्द के उन्नयन हेतु विविध कार्य।","4,988,300",2023,Ongoing
193,खनिज मद ,मांडू,Tatijhariya,,"उत्क्रमित मध्य विद्यालय, बेड़मक्का के उन्नयन हेतु विविध कार्य।","11,243,100",2023,Ongoing
194,खनिज मद ,Hazaribagh,Katkamsandi,,ग्राम-शाहपुर में बनीया बांध पर पुलिया निर्माण।,"4,998,200",2021,Completed
195,खनिज मद ,बड़कागांव,Keredari,,"प्रखण्ड केरेडारी, पंचायत पचड़ा के नया खाप से पचड़ा होते हुए सिसवा पुल तक पथ निर्माण।","5,926,200",2021,Completed
196,खनिज मद ,Hazaribagh,Katkamdag,,"राजकीय उत्क्रमित उर्दू मध्य विद्यालय, ढेंगुरा के उन्नयन हेतु विविध कार्य।","14,953,000",2023,Ongoing
197,खनिज मद ,बड़कागांव,Keredari,,"प्रखण्ड केरेडारी, पंचायत हेवई के ग्राम पहरा सतघरवा लाला मिस्त्री के घर से निरंजन साव के घर तक पथ निर्माण।","2,938,500",2021,Completed
198,खनिज मद ,बड़कागांव,Barkagaon,,जीडीएम चौक बड़कागांव से बनियाटोली होते हुए टैक्सी स्टैण्ड तक पथ का निर्माण,"2,613,800",2021,Completed
199,खनिज मद ,बड़कागांव,Barkagaon,,ग्राम कोनोदा से ग्राम मिर्जापुर तक पथ का निर्माण,"9,990,100",2021,Completed
200,खनिज मद ,बरही,Padma,,ग्राम पदमा में संजय यादव के घर से करमटांड अलीनगर एनएच 33 मुख्य पथ तक पीसीसी पथ निर्माण,"8,242,500",2021,Completed
201,खनिज मद ,बरही,Chouparan,,पंचायत दादपुर के ग्राम केन्दुआ कला से उत्क्रमित मध्य विद्यालय तक पथ निर्माण,"6,146,200",2021,Completed
202,खनिज मद ,बरही,Chouparan,,पंचायत सेलहाराकला एवं पंचायत गोविन्दपुर के ग्राम बेलाटांड के बीच कोयल नदी पर पुल निर्माण,"9,159,300",2022,Completed
203,खनिज मद ,मांडू,Churchu,,पंचायत चुरचू के बोदरा लसोध के कुम्हरा नदी में पुल निर्माण।,"4,998,600",2022,Completed
204,खनिज मद ,मांडू,Dadi,,कनकी पंचायत अंतर्गत कनकी डाड़ी मार्ग से गन्धोनिया धाम तक सड़क निर्माण पुलिया सहित।,"9,973,500",2022,Completed
205,खनिज मद ,मांडू,Dadi,,रबोध पंचायत अन्तर्गत ग्राम रबोध में पेसराकंडी जानेवाले मार्ग पर रूपा नाला के पास पुल निर्माण।,"2,492,500",2022,Completed
206,खनिज मद ,Hazaribagh,Daru,,पंचायत कविलासी के बलिया-झरपो रोड पर नदी में पुलिया निर्माण,"6,149,300",2022,Completed
207,खनिज मद ,बड़कागांव,Barkagaon,,पंचायत बरकनगांगो ग्राम छुतहरी कटिया सोती नदी नीमाघाट में पुलिया निर्माण।,"6,925,560",2022,Completed
208,खनिज मद ,Hazaribagh,Katkamdag,,कटकमदाग प्रखण्ड अन्तर्गत बेंदी ग्राम स्थित पुनर्वास स्थल पर पेवर ब्लॉक पथ का निर्माण।,"2,488,900",2022,Completed
209,खनिज मद ,Hazaribagh,Katkamdag,,कटकमदाग प्रखण्ड अन्तर्गत बेंदी ग्राम स्थित पुनर्वास स्थल पर आर0सी0सी0 ड्रेन का निर्माण।,"5,276,700",2022,Completed
210,खनिज मद ,Hazaribagh,Katkamdag,,कटकमदाग प्रखण्ड अन्तर्गत बेंदी ग्राम स्थित पुनर्वास स्थल पर ह्युम पाईप कल्भर्ट का निर्माण।,"1,004,000",2022,Completed
211,खनिज मद ,बड़कागांव,Barkagaon,,बड़कागांव प्रखण्ड अन्तर्गत उरूब ग्राम स्थित पुनर्वास स्थल पर पी0सी0सी0 पथ का निर्माण।,"9,971,100",2022,Completed
212,खनिज मद ,बड़कागांव,Barkagaon,,बड़कागांव प्रखण्ड अन्तर्गत नया उरूब ग्राम एवं नया इतिज के बीच बमनी नाला में पुल का निर्माण।,"7,370,300",2022,Completed
213,खनिज मद ,बड़कागांव,Barkagaon,,बड़कागांव प्रखण्ड अन्तर्गत उरूब ग्राम स्थित पुनर्वास स्थल पर आर0आर0 मेसोनरी नाली का निर्माण।,"3,479,900",2022,Completed
214,खनिज मद ,Hazaribagh,Katkamdag,,कटकमदाग प्रखण्ड अन्तर्गत बेंदी ग्राम स्थित पुनर्वास स्थल पर सामुदायिक भवन का निर्माण।,"2,497,300",2022,Completed
215,खनिज मद ,बड़कागांव,Barkagaon,,बड़कागांव प्रखण्ड अन्तर्गत उरूब ग्राम स्थित पुनर्वास स्थल पर सामुदायिक भवन का निर्माण।,"2,499,700",2022,Completed
216,खनिज मद ,मांडू,Vishnugarh,,ष्पंचायत नरकी के ग्राम रंगामाटर में बस्ती के नीचे मुख्य पथ से गार्डवाल एवं पी0सी0सी0 पथ निर्माण।,"3,053,100",2022,Completed
217,खनिज मद ,मांडू,Churchu,,एनएच 100 टाटीझरिया से खम्भवा तक पथ की मरम्मति। (1.300 कि0मी0),"8,833,600",2022,Completed
218,खनिज मद ,बड़कागांव,Barkagaon,,पंचायत पोटंगा ग्राम असवा टोला सतमरा से जतरा टाड़ तक पथ का निर्माण। (1280 मीटर),"8,500,700",2022,Completed
219,खनिज मद ,बड़कागांव,Barkagaon,,महुंगाई के अम्बाजीत कोनी मोड़ से आबाद नगर होते हुए हाहे बस्ती तक पथ का निर्माण। (1500 मीटर),"9,968,000",2022,Completed
220,खनिज मद ,मांडू,Dadi,,डाड़ी पंचायत के अन्तर्गत ग्राम गिद्दी सी में किसान मजदूर उच्च विद्यालय हिरक रोड से दिनेश राणा के घर तक पी0सी0सी0 पथ का निर्माण। (0.800 कि0मी0),"5,045,000",2022,Completed
221,खनिज मद ,बरही,Barhi,,200 आंगनबाडी केन्द्रों का मॉडलीकरण,"4,000,000",2021,Ongoing
222,खनिज मद ,बड़कागांव,Keredari,,बालेदेवरी से चट्टी बारियातु तक पथ का निर्माण। (1.325 कि0मी0),"9,998,000",2022,Completed
223,खनिज मद ,बड़कागांव,Barkagaon,,200 आंगनबाडी केन्द्रों का मॉडलीकरण,"4,000,000",2021,Ongoing
224,खनिज मद ,Hazaribagh,Katkamdag,,ग्राम- बाका में आनंद महतो के घर से लेकर साईडिंग तक नाली निर्माण एवं महादेव महतो के घर से साईडिंग तक नाली निर्माण। (2900 फीट),"4,265,900",2022,Completed
225,खनिज मद ,बड़कागांव,Keredari,,200 आंगनबाडी केन्द्रों का मॉडलीकरण,"4,000,000",2021,Ongoing
226,खनिज मद ,Hazaribagh,Katkamsandi,,200 आंगनबाडी केन्द्रों का मॉडलीकरण,"4,000,000",2021,Ongoing
227,खनिज मद ,Hazaribagh,Katkamdag,,ग्राम- ओदरना में समुदायिक भवन से व्यास यादव के घर तक पी0सी0सी0 पथ निर्माण। (1500 फीट),"2,354,400",2022,Completed
228,खनिज मद ,बरही,Padma,,ग्राम कंडादाग में अतूल मिश्रा के घर से पदमा की ओर पथ में पीसीसी पथ का निर्माण। (0.790 कि0मी0),"5,483,200",2022,Completed
229,खनिज मद ,मांडू,Vishnugarh,,200 आंगनबाडी केन्द्रों का मॉडलीकरण,"4,000,000",2021,Ongoing
230,खनिज मद ,बरही,Barhi,,पंचायत खोड़हार ग्राम कुण्डवा में चोरपहाड़ तलहटी से सुरेन्द्र एक्का के घर होते हूए बांझीटुगंरी डी0भी0सी0 तालाब तक पी0सी0सी0 पथ निर्माण। (1.040 कि0मी0),"7,151,800",2022,Completed
231,खनिज मद ,Hazaribagh,Sadar,,200 आंगनबाडी केन्द्रों का मॉडलीकरण,"4,000,000",2021,Ongoing
232,खनिज मद ,Hazaribagh,Katkamsandi,,ग्राम कटकमसांडी के दुसाध टोला में कटकमसांडी नदी पर पुल निर्माण।,"9,936,000",2022,Completed
233,खनिज मद ,बरही,Chouparan,,200 आंगनबाडी केन्द्रों का मॉडलीकरण,"4,000,000",2021,Ongoing
234,खनिज मद ,बरही,Padma,,200 आंगनबाडी केन्द्रों का मॉडलीकरण,"4,000,000",2021,Ongoing
235,खनिज मद ,बड़कागांव,Keredari,,"प्रखण्ड केरेडारी, पंचायत हेवई ग्राम पहरा स्थित किचिनया डैम में पुल निर्माण।","3,023,400",2022,Completed
236,खनिज मद ,मांडू,Churchu,,200 आंगनबाडी केन्द्रों का मॉडलीकरण,"4,000,000",2021,Ongoing
237,खनिज मद ,बड़कागांव,Keredari,,पाण्डेयपुरा कला से देवरिया खुर्द तक 0.350 कि0मी0 पथ निर्माण।,"2,554,800",2022,Completed
238,खनिज मद ,बड़कागांव,Barkagaon,,ग्राम बड़कागांव में एस0एन0 मेडिकल से पुस्तकालय भवन तक नाली का निर्माण।,"1,396,300",2022,Completed
239,सांसद मद ,Hazaribagh,Katkamsandi,शाहपुर,ग्राम शाहपुर में संतोष के घर से गोविन्द प्रसाद के घर तक पी0सी0सी0 पथ निर्माण।,"1,50,000",2022,Ongoing
240,सांसद मद ,Hazaribagh,Katkamsandi,शाहपुर,ग्राम पंचायत शाहपुर बकुलिया नहर में सीढ़ी का निर्माण।,"2,00,000",2022,Ongoing
241,सांसद मद ,Hazaribagh,Katkamsandi,शाहपुर,ग्राम शाहपुर में टिकवा दह का गहरीकरण।,"4,00,000",2022,Ongoing
242,सांसद मद ,मांडू,Tatijhariya,धरमपुर,ग्राम धरमपुर में सुकर राम के घर से लेकर नागो राम के घर तक पी0सी0सी0 पथ निर्माण।,"2,00,000",2022,Completed
243,सांसद मद ,मांडू,Tatijhariya,धरमपुर,ग्राम खम्भवा में दुदियाबाद तालाब का गहरीकरण।,"2,00,000",2022,Completed
244,सांसद मद ,मांडू,Tatijhariya,धरमपुर,ग्राम चिरूवा में हरदिया टोला में बड़की नहर का गहरीकरण।,"2,00,000",2022,Completed
245,सांसद मद ,बरही,Chouparan,मानगढ़,ग्राम कोयलीकला में मोहन साव के घर से लखन भुईयां के घर तक नाली निर्माण।,"2,00,000",2022,Completed
246,सांसद मद ,बरही,Chouparan,मानगढ़,ग्राम लोहण्डी में अर्जुन कुमार सिन्हा के घर से ओम प्रकाश सिन्हा के घर तक पी0सी0सी0 पथ निर्माण।,"2,00,000",2022,Completed
247,सांसद मद ,बरही,Chouparan,ताजपुर,ग्राम ताजपुर में आर्दश मध्य विद्यालय चौपारण में चाहरदिवारी एवं गेट का निर्माण।,"10,00,000",2022,Completed
248,सांसद मद ,बरही,Chouparan,चैथी,ग्राम चैथी में आर्य रोड़ से नेशनल पब्लिक स्कूल के परिसर तक पी0सी0सी0 पथ निर्माण।,"2,00,000",2022,Completed
249,सांसद मद ,बरही,Chouparan,दादपुर,ग्राम दादपुर में शमशान घाट में शेड का निर्माण।,"2,00,000",2022,Completed
250,सांसद मद ,बरही,Chouparan,बेला,ग्राम रूपीन में शमशान घाट का निर्माण।,"2,00,000",2022,Completed
251,सांसद मद ,बरही,Chouparan,ताजपुर,ग्राम ताजपुर में राजेश सहाय के जमीन पर डीप बोरिंग का निर्माण।,"2,00,000",2022,Completed
252,सांसद मद ,बरही,Chouparan,सिंघरावाँ,ग्राम सिंधरावा में नदी के घाट पर सीढ़ी निर्माण।,"2,00,000",2022,Completed
253,सांसद मद ,बरही,Chouparan,जगदीशपुर,ग्राम पिपरा में बाबु अहरी से विचली बाद सिमाना चपरी तक मिट्टी मोरम पथ निर्माण।,"2,50,000",2022,Completed
254,सांसद मद ,बरही,Chouparan,दादपुर,पंचायत दादपुर के ग्राम दादपुर सिरिंग नहर का गहरीकरण।,"4,00,000",2022,Completed
255,सांसद मद ,बरही,Chouparan,बेलाही,पंचायत बेलाही ग्राम परतापुर में जगदीश रजक के घर से बजरंग बली मंदिर होते हुए गजाधर प्रसाद के घर तक पी0सी0सी0 पथ निर्माण।,"4,00,000",2022,Completed
256,सांसद मद ,बरही,Chouparan,जगदीशपुर,पंचायत जगदीशपुर के ग्राम पिपरा में डोमन आहर का गहरीकरण।,"4,00,000",2022,Completed
257,सांसद मद ,बरही,Chouparan,रामपुर,पंचायत रामपुर के वृन्दा में राजदीप साव के घर के पास चापानल अधिष्ठापन।,"65,933",2022,Ongoing
258,सांसद मद ,बरही,Chouparan,रामपुर,पंचायत रामपुर के पेटुला में द्वारिका प्रसाद गुप्ता के घर के पास चापानल अधिष्ठापन।,"65,933",2022,Ongoing
259,सांसद मद ,बरही,Chouparan,बच्छई,पंचायत बच्छई ग्राम डुमरी में निरंजन साव के घर के पास चापानल अधिष्ठापन।,"65,933",2022,Ongoing
260,सांसद मद ,बरही,Chouparan,बेलाही,ग्राम परतापुर में अर्जुन प्रसाद के घर के पास डीप बोरिंग का निर्माण।,"2,00,000",2022,Ongoing
261,खनिज मद ,Hazaribagh,Katkamdag,,103 आंगनबाडी केन्द्रों का मॉडलीकरण,"1,795,747",2023,Ongoing
262,सांसद मद ,बरही,Chouparan,गोविन्दपुर,ग्राम गोविन्दपुर में मुख्य पथ से तुलसी राम के घर से बैजु राम के घर तक पी0सी0सी0 पथ निर्माण।,"2,00,000",2022,Ongoing
263,खनिज मद ,Hazaribagh,Katkamsandi,,103 आंगनबाडी केन्द्रों का मॉडलीकरण,"1,795,747",2023,Ongoing
264,सांसद मद ,बरही,Chouparan,जगदीशपुर,ग्राम जगदीशपुर में मोहन ठाकुर के घर के पास चापानल निर्माण।,"48,500",2022,Ongoing
265,खनिज मद ,बड़कागांव,Keredari,,103 आंगनबाडी केन्द्रों का मॉडलीकरण,"1,795,747",2023,Ongoing
266,सांसद मद ,बरही,Padma,सरैया,ग्राम केवला में शंकर यादव के घर के पास शिव मंदिर के पास शेड एवं चबुतरा निर्माण।,"1,98,800",2022,Completed
267,खनिज मद ,मांडू,Churchu,,103 आंगनबाडी केन्द्रों का मॉडलीकरण,"1,795,747",2023,Ongoing
268,सांसद मद ,बरही,Padma,बिहारी,ग्राम सोनपुरा में पेमन महतो के मुर्गा फार्म से दवकी भुईयाँ के घर तक पी0सी0सी0 पथ निर्माण।,"1,99,800",2022,Ongoing
269,खनिज मद ,बरही,Chouparan,,103 आंगनबाडी केन्द्रों का मॉडलीकरण,"1,795,747",2023,Ongoing
270,सांसद मद ,बरही,Padma,सरैया,ग्राम गारूकुरहा में भीम राणा के घर से जगदीश भुईयाँ के घर तक पी0सी0सी0 पथ निर्माण।,"1,98,800",2022,Ongoing
271,खनिज मद ,मांडू,Tatijhariya,,103 आंगनबाडी केन्द्रों का मॉडलीकरण,"1,795,747",2023,Ongoing
272,सांसद मद ,Hazaribagh,Katkamdag,कुसुम्भा,ग्राम सिरका में रामदयाल यादव के घर से छत्रधारी यादव के घर तक पी0सी0सी0 पथ निर्माण।,"2,00,000",2022,Ongoing
273,खनिज मद ,मांडू,Dadi,,103 आंगनबाडी केन्द्रों का मॉडलीकरण,"1,795,747",2023,Ongoing
274,सांसद मद ,Hazaribagh,Katkamdag,मसरातु,ग्राम मसरातु में गोेंदा नदी पर घाट निर्माण।,"1,99,900",2022,Ongoing
275,खनिज मद ,Hazaribagh,Daru,,103 आंगनबाडी केन्द्रों का मॉडलीकरण,"1,795,747",2023,Ongoing
276,सांसद मद ,Hazaribagh,Katkamdag,खपरियावाँ,ग्राम खपरियावाँ में मिश्रिदाहा कोनार नदी पर शमशान घाट में एक शेड का निर्माण।,"2,00,000",2022,Ongoing
277,खनिज मद ,बरही,Padma,,103 आंगनबाडी केन्द्रों का मॉडलीकरण,"1,795,747",2023,Ongoing
278,सांसद मद ,मांडू,Dadi,हुवाग,ग्राम पटरंगी में बजरंग बली मंदिर से सत्यानारायण तिवारी के घर तक पी0सी0सी0 पथ निर्माण।,"2,00,000",2022,Completed
279,खनिज मद ,बड़कागांव,Barkagaon,,103 आंगनबाडी केन्द्रों का मॉडलीकरण,"1,795,747",2023,Ongoing
280,सांसद मद ,मांडू,Dadi,बलसगरा,ग्राम कुम्हार टोला में रधु प्रजापति के घर से महावीर प्रजापति के घर तक पी0सी0सी0 पथ निर्माण।,"2,00,000",2022,Completed
281,खनिज मद ,बरही,Barhi,,103 आंगनबाडी केन्द्रों का मॉडलीकरण,"1,795,747",2023,Ongoing
282,सांसद मद ,मांडू,Dadi,बलसगरा,ग्राम बलसगरा में पटेल क्लब से देवी मण्डप तक पी0सी0सी0 पथ निर्माण।,"2,00,000",2022,Completed
283,खनिज मद ,मांडू,Vishnugarh,,103 आंगनबाडी केन्द्रों का मॉडलीकरण,"1,795,747",2023,Ongoing
284,सांसद मद ,मांडू,Vishnugarh,जोबर,ग्राम उच्चाधाना में नारायण महतो पिता स्व0 केवल महतो के जमीन पर डीप बोरिंग।,"1,99,800",2022,Completed
285,खनिज मद ,Hazaribagh,Sadar,,103 आंगनबाडी केन्द्रों का मॉडलीकरण,"1,795,747",2023,Ongoing
286,सांसद मद ,मांडू,Vishnugarh,चेड़रा,"पंचायत चेडरा, ग्राम चेडरा में सूर्य मंदिर के समीप जमुनिया नदी के दोनों ओर घाट का निर्माण।","12,00,000",2022,Completed
287,खनिज मद ,Hazaribagh,Sadar,,05 आंगनबाडी केन्द्रों का मरम्मती,"512,659",2023,Ongoing
288,सांसद मद ,मांडू,Vishnugarh,करगालो,ग्राम करगालो हरिजन टोला में सहदेव दास के घर से पास डीप बोरिंग का निर्माण।,"2,00,000",2022,Ongoing
289,खनिज मद ,बड़कागांव,Barkagaon,,05 आंगनबाडी केन्द्रों का मरम्मती,"512,659",2023,Ongoing
290,सांसद मद ,Hazaribagh,Sadar,अमनारी,ग्राम अमनारी में अनेश्वर प्रसाद के घर के पीछे डीप बोरिंग।,"1,99,800",2022,Completed
291,खनिज मद ,बड़कागांव,Keredari,,05 आंगनबाडी केन्द्रों का मरम्मती,"512,659",2023,Ongoing
292,सांसद मद ,Hazaribagh,Nagar Purvi,वार्ड न0 26,डीपूगढ़ा में दिव्य आश्रम से शम्भु सिंह के घर तक पी0सी0सी0 पथ निर्माण।,"2,00,000",2022,Completed
293,खनिज मद ,बरही,Padma,,05 आंगनबाडी केन्द्रों का मरम्मती,"512,659",2023,Ongoing
294,सांसद मद ,Hazaribagh,Sadar,हरहद,ग्राम हरहद में शिव मंदिर से लालमन राणा के घर तक पी0सी0सी0 पथ निर्माण।,"2,00,000",2022,Completed
295,खनिज मद ,Hazaribagh,Katkamdag,,84 आंगनबाडी केन्द्रों का मॉडलीकरण,"1,464,493",2023,Ongoing
296,सांसद मद ,Hazaribagh,Sadar,बड़ासी,ग्राम बड़ासी में नन्दलाल मेहता के जमीन में डीप बोरिंग।,"1,99,800",2022,Completed
297,खनिज मद ,Hazaribagh,Katkamsandi,,84 आंगनबाडी केन्द्रों का मॉडलीकरण,"1,464,493",2023,Ongoing
298,सांसद मद ,Hazaribagh,Sadar,नयाखाप,पंचातय नयाखाप ग्राम बभनबै में त्रिलोकी राम के घर से अखाड़ा होते हुये भोला राम के घर तक पी0सी0सी पथ निर्माण।,"2,00,000",2022,Completed
299,सांसद मद ,Hazaribagh,Nagar Pashchimi,वार्ड न0 8,हजारीबाग नगर में षहीद स्मारक का सुन्दरीकरण एवं कला संस्कृति भवन निर्माण।,"14,92,000",2021,Completed
300,खनिज मद ,बड़कागांव,Keredari,,84 आंगनबाडी केन्द्रों का मॉडलीकरण,"1,464,493",2023,Ongoing
301,खनिज मद ,मांडू,Churchu,,84 आंगनबाडी केन्द्रों का मॉडलीकरण,"1,464,493",2023,Ongoing
302,सांसद मद ,बड़कागांव,Barkagaon,नापोखुर्द,ग्राम नापोखुर्द स्थित बिरहुगढ़ा में तालाब का निर्माण।,"2,00,000",2022,Completed
303,खनिज मद ,बरही,Chouparan,,84 आंगनबाडी केन्द्रों का मॉडलीकरण,"1,464,493",2023,Ongoing
304,सांसद मद ,बड़कागांव,Barkagaon,बादम,ग्राम बादम में दुर्गा स्थान से बदमाही नदी तक पी0सी0सी0 पथ निर्माण।,"2,00,000",2022,Completed
305,खनिज मद ,मांडू,Tatijhariya,,84 आंगनबाडी केन्द्रों का मॉडलीकरण,"1,464,493",2023,Ongoing
306,सांसद मद ,बरही,Barhi,दुलमाहा,ग्राम दुलमाहा में गोस्वामी टेाला में आशा देवी के जमीन के पास डीप बोरिंग का निर्माण।,"2,00,000",2022,Completed
307,खनिज मद ,मांडू,Dadi,,84 आंगनबाडी केन्द्रों का मॉडलीकरण,"1,464,493",2023,Ongoing
308,सांसद मद ,बरही,Barhi,केदारुत,ग्राम खैरोैन में जुगल सिंह पिता लोकन सिंह के घर के पास चापानल निर्माण।,"70,000",2022,Ongoing
309,खनिज मद ,हज़ारीबाग,Daru,,84 आंगनबाडी केन्द्रों का मॉडलीकरण,"1,464,493",2023,Ongoing
310,सांसद मद ,बरही,Barhi,केदारुत,ग्राम खैरौन में वरूण साव पिता फागु साव के घर के पास चापानल निर्माण।,"70,000",2022,Ongoing
311,खनिज मद ,बरही,Padma,,84 आंगनबाडी केन्द्रों का मॉडलीकरण,"1,464,493",2023,Ongoing
312,सांसद मद ,बरही,Barhi,गोरैयाकरमा,"ग्राम गौरिया टोला निश्चितपुर में बजरंग बली मंदिर के पास चापानल अधिष्ठापन, धोबिया टांड में कुलेश्वर साव के घर के पास चापानल अधिष्ठापन एवं गौरिया में आशीष पासवान के घर के पास चापानल अधिष्ठापन।","2,00,000",2022,Ongoing
313,खनिज मद ,बड़कागांव,Barkagaon,,84 आंगनबाडी केन्द्रों का मॉडलीकरण,"1,464,493",2023,Ongoing
314,सांसद मद ,हज़ारीबाग,Nagar Pashchimi,वार्ड न0 8,हजारीबाग सदर प्रखण्ड के अन्तर्गत परिसदन भवन के निकट षहीद स्मारक में संस्कृति भवन निर्माण हेतु डीप बोरिंग।,"2,00,000",2021,Completed
315,खनिज मद ,बरही,Barhi,,84 आंगनबाडी केन्द्रों का मॉडलीकरण,"1,464,493",2023,Ongoing
316,सांसद मद ,हज़ारीबाग,Nagar Pashchimi,वार्ड न0 6,वार्ड नं0 06 खजांची तालाब में सीढ़ी निर्माण।,"1,99,400",2022,Ongoing
317,खनिज मद ,मांडू,Vishnugarh,,84 आंगनबाडी केन्द्रों का मॉडलीकरण,"1,464,493",2023,Ongoing
318,सांसद मद ,हज़ारीबाग,Sadar,मंडईखुर्द,ललीत किशोर प्रसाद के घर से महावीर अग्रवाल घर होते हुए अशोक मालाकार के घर तक नाली निर्माण स्लैब के साथ।,"1,99,500",2022,Ongoing
319,खनिज मद ,हज़ारीबाग,Sadar,,84 आंगनबाडी केन्द्रों का मॉडलीकरण,"1,464,493",2023,Ongoing
320,सांसद मद ,हज़ारीबाग,Nagar Purvi,वार्ड न0 26,धतु बाबु के घर से सुनील जेनरल स्टोर तक आठ ईच सड़क केे बगल में पी0सी0सी0 पथ निर्माण।,"2,00,000",2022,Ongoing
321,सांसद मद ,हज़ारीबाग,Nagar Pashchimi,वार्ड न0 5,कनहरी मुख्य पथ से अभहरा कोठी तक पी0सी0सी0 पथ निर्माण।,"2,00,000",2022,Ongoing
322,सांसद मद ,हज़ारीबाग,Nagar Pashchimi,वार्ड न0 8,कोर्रा के गंगा कुटीर गली में महेश प्रसाद के घर से सुरेश प्रसाद के घर तक पी0सी0सी0 पथ निर्माण।,"2,00,000",2022,Ongoing
323,सांसद मद ,हज़ारीबाग,Nagar Pashchimi,वार्ड न0 12,वार्ड नं0-12 में सदानंद रोड़ में जय बालाजी अपार्टमेंट से नवल सिंह के घर तक पी0सी0सी0 पथ निर्माण।,"2,00,000",2022,Ongoing
324,सांसद मद ,हज़ारीबाग,Nagar Pashchimi,वार्ड न0 12,वार्ड नं0 12 में साकेतपुरी रंजन आजाद के घर से सरयु नागय के घर के आगे तक पी0सी0सी0 पथ निर्माण।,"2,00,000",2022,Ongoing
325,सांसद मद ,हज़ारीबाग,Sadar,मोरांगी,ग्राम तुम्बा में चौधरी साहु के जमीन में डीप बोरिंग।,"1,99,800",2022,Ongoing
326,सांसद मद ,हज़ारीबाग,Sadar,सिंदुर,ग्राम सिन्दुर के नावाडीह में दीपक कुमार सिन्हा के जमीन के पास डीप बोरिंग का निर्माण।,"2,00,000",2022,Ongoing
327,सांसद मद ,हज़ारीबाग,Sadar,मोरांगी,पंचायत मोरांगी ग्राम तुम्बा में शमशान घाट में शेड का निर्माण।,"1,99,800",2022,Ongoing
328,सांसद मद ,हज़ारीबाग,Sadar,लाखे,ग्राम लाखे में जुगल राणा के घर से देवी मण्डप के घर तक पी0सी0सी0 पथ निर्माण।,"2,00,000",2022,Ongoing
329,सांसद मद ,हज़ारीबाग,Nagar Purvi,वार्ड न0 30,सुरेश कॉलोनी में नाली का निर्माण एवं स्लैब का निर्माण।,"2,00,000",2022,Ongoing
330,सांसद मद ,बरही,Chouparan,जगदीशपुर,ग्राम जगदीशपुर में शंकर ठाकुर के घर के पास चापानल निर्माण।,"48,500",2022,Ongoing
331,सांसद मद ,बरही,Chouparan,जगदीशपुर,ग्राम जगदीशपुर में बाजो सिंह के घर के पास चापानल निर्माण।,"48,500",2022,Ongoing
332,सांसद मद ,बरही,Chouparan,सेलहराकला,ग्राम पथरा में सतसंग भवन के पास चापानल निर्माण।,"50,000",2022,Ongoing
333,सांसद मद ,मांडू,Dadi,बलसगरा,ग्राम बलसगरा में वकिल कुमार महतो के घर से बब्लु महतो के घर तक नाली निर्माण।,"2,00,000",2020,Ongoing
334,सांसद मद ,बरही,Chouparan,सेलहराकला,ग्राम पथरा में शमशान घाट के पास चापानल निर्माण।,"50,000",2022,Ongoing
335,सांसद मद ,बरही,Chouparan,डेबो,ग्राम चक में शमशान घाट में शेड का निर्माण।,"2,00,000",2022,Ongoing
336,खनिज मद ,हज़ारीबाग,Sadar,,,"52,986,870",2021,Ongoing
337,सांसद मद ,मांडू,Dadi,बलसगरा,डाड़ी प्रखण्ड के पंचायत बलसगरा में षर्मा टोला में भुरकुण्डा तालाब का गहरीकरण एवं चौड़ीकरण कार्य।,"9,00,000",2021,Ongoing
338,सांसद मद ,हज़ारीबाग,Nagar Purvi,वार्ड न0 25,हजारीबाग नगर के वार्ड नं0 25 (कनहरी रोड़) में सुस्मिता आपटमेंट के पास पानी स्पलाई हेतु पाईप एवं नाली एवं स्लैब सहित निर्माण।,"4,99,900",2022,Ongoing
339,सांसद मद ,बरही,Barhi,बरही,बरही प्रखण्ड के बरही चौक में सोलर हाई मास्ट लाईट का अधिष्ठापन।,"3,75,000",2021,Ongoing
340,सांसद मद ,बड़कागांव,Barkagaon,बड़कागाँव मध्य,बड़कागांव प्रखण्ड के बड़कागांव मुख्य चौक में सोलर हाई मास्ट लाईट का अधिष्ठापन।,"3,75,000",2021,Ongoing
341,सांसद मद ,मांडू,Vishnugarh,करगालो,ग्राम करगालों हरिजन टोला में नीचे बस्ती में डीप बोरिंग का निर्माण।,"2,00,000",2022,Ongoing
342,सांसद मद ,हज़ारीबाग,Nagar Pashchimi,वार्ड न0 5,वार्ड नं0 05 में सारले दीपूगढ़ा में सुधीर कुमार सिन्हा के घर से दिनेश कुशवाहा के घर तक पी0सी0सी0 पथ निर्माण।,"2,00,000",2022,Ongoing
343,सांसद मद ,हज़ारीबाग,Sadar,सिंघानी,सदर प्रखण्ड के पंचायत सिंधानी में सिंधानी चौक में सोलर हाई मास्ट लाईट का अधिष्ठापन।,"3,75,000",2021,Ongoing
344,सांसद मद ,हज़ारीबाग,Nagar Purvi,वार्ड न0 26,सदर प्रखण्ड के मौजा सारलेे में मीना देवी पति लक्ष्मण प्रसाद मेहता के घर के पास डीप बोरिंग के स्थान पर मौजा सारले के मरियम टोला उ0प्रा0वि0 के बगल गली नं0 12 में मीना देवी पति लक्ष्मण प्रसाद मेहता के घर के बगल में डीप बोरिंग का अधिष्ठापन।,"3,00,000",2021,Ongoing
345,सांसद मद ,मांडू,Dadi,रबोध,डाड़ी प्रखण्ड के ग्राम पंचायत रबोध में रामस्वरूप सिंह के गुरिया तालाब का गहरीकरण एवं चौड़ीकरण के स्थान पर डाड़ी प्रखण्ड के पंचायत रबोध ग्राम रबोध में गुरिया तालाब का गहरीकरण एवं चौड़ीकरण।,"6,00,000",2021,Ongoing
346,सांसद मद ,हज़ारीबाग,Sadar,मोरांगी,ग्राम मोरांगी में कृष्णा राम के घर से पंचायत भवन तक पी0सी0सी0 पथ निर्माण।,"2,00,000",2021,Ongoing
347,सांसद मद ,हज़ारीबाग,Daru,ईरगा,ग्राम चिरूवा में शिव मंदिर के समीप सांस्कृतिक भवन निर्माण।,"5,00,000",2021,Ongoing
348,सांसद मद ,हज़ारीबाग,Daru,ईरगा,ग्राम चिरूवा में शिव मंदिर के समीप पेभर ब्लॉक का निर्माण।,"2,00,000",2021,Ongoing
349,सांसद मद ,हज़ारीबाग,Sadar,सिंदुर,हजारीबाग स्थित आचार्य विनोबा भावे विश्वविद्यालय परिसर में सेंटर फॉर ट्राईबल स्टडीज के निर्माण हेतु।,"1,00,00,000",2022,Ongoing
350,सांसद मद ,हज़ारीबाग,Nagar Purvi,वार्ड न0 30,हजारीबाग नगर निगम क्षेत्र के अन्तर्गत वार्ड नं0-30 में वेल्स ग्राउण्ड के मुख्य स्वागत द्वार का निर्माण।,"15,00,000",2022,Ongoing
351,सांसद मद ,हज़ारीबाग,Nagar Purvi,वार्ड न0 26,"वार्ड संख्या-26, रामनगर रोड़ में स्व0 प्रदीप कसेरा के घर से सुमन कुमार सिन्हा के घर तक दोनों ओर नाला 3 फीट गहरीकरण एवं दोनों ओर 1000 फीट र्गाउवाल का निर्माण।","15,00,000",2022,Ongoing
352,सांसद मद ,मांडू,Vishnugarh,विष्णुगढ़,विष्णुगढ़ प्रखण्ड के सात मील मोड़ चौक में सालर हाई मास्ट लाईट का अधिष्ठापन।,"3,75,000",2021,Ongoing
353,सांसद मद ,बरही,Chouparan,सिंघरावाँ,ग्राम टिटही में निकेश प्रसाद रूखैयार के घर के पास चापानल निर्माण।,"70,000",2022,Ongoing
354,सांसद मद ,बरही,Chouparan,बेलाही,ग्राम बरवाडीह में शिव मंदिर के पास तालाब में सीढ़ी का निर्माण।,"2,00,000",2020,Ongoing
355,सांसद मद ,बरही,Chouparan,रामपुर,ग्राम रामपुर में सुराही टोला में सुराही का जिर्णोद्धार के स्थान पर पंचायत रामपुर ग्राम रामपुर में सुराही नहर का गहरीकरण।,"4,00,000",2020,Ongoing
356,सांसद मद ,बरही,Chouparan,पड़रिया,पंचायत पड़रिया के पड़रिया में सोमर यादव के घर से पीपल पेड़ तक नाली का निर्माण।,"2,00,000",2022,Ongoing
357,सांसद मद ,बरही,Barhi,बरही,"हजारीबाग जिलान्तर्गत बरही प्रखण्ड स्थित अनुमण्डलीय अस्पताल, बरही में ऑक्सीजन प्लॉट के संचालन हेतु विद्युत आपूर्ति कार्य।","4,70,912",2022,Ongoing
358,सांसद मद ,बरही,Chouparan,झापा,ग्राम विसनपुर के टोला खिराही में दिलचन्द साव के घर के सामने सार्वजनिक चौपाल पर पेभर ब्लॉक कार्य के स्थान पर पंचायत झापा ग्राम बिसनपुर के टोला खिलाही (मौजा बेढ़ना) में दिलचंद साव के घर के सामने सार्वजनिक चौपाल पर पेभर ब्लॉक निर्माण।,"2,00,000",2022,Ongoing
359,खनिज मद ,हज़ारीबाग,Sadar,,"शेख भिखारी मेडिकल कॉलेज अस्पताल, हजारीबाग में एक गोदाम का निर्माण।","8,351,200",2022,Ongoing
360,सांसद मद ,बरही,Chouparan,करमा,पंचायत चौपारण ग्राम जोकट में एक सांस्कृतिक भवन का निर्माण के स्थान पर चौपारण प्रखण्ड के पंचायत करमा ग्राम जोकट में जननायक कर्पूरी भवन के परिसर में एक सांस्कृतिक भवन निर्माण।,"10,00,000",2023,Ongoing
361,खनिज मद ,हज़ारीबाग,Sadar,,"शेख भिखारी मेडिकल कॉलेज अस्पताल, हजारीबाग में अवस्थित पुराने सिविल सर्जन कार्यालय का जीर्णोद्धार।","4,235,900",2022,Ongoing
362,सांसद मद ,हज़ारीबाग,Katkamdag,सलगावां,पंचायत सलगांवा ग्राम पकरार में मुख्य पथ के किराने शहीद स्मारक निर्माण 5.00 लाख के स्थान पर ग्राम पकरार में मुख्य पथ के किनारे शहीद सतीश प्रसाद के नाम से स्मारक निर्माण।,"2,00,000",2023,Ongoing
363,सांसद मद ,हज़ारीबाग,Katkamdag,सलगावां,ग्राम पकरार में स्वागत द्वार का निर्माण।,"3,00,000",2023,Ongoing
364,सांसद मद ,मांडू,Vishnugarh,विष्णुगढ़,विष्णुगढ़ प्रखण्ड के अन्तर्गत 07 मील मोड़ के बनासों पथ पर स्वागत द्वार का निर्माण।,"15,00,000",2023,Ongoing
365,सांसद मद ,हज़ारीबाग,Katkamsandi,कटकमसांडी,कटकमसांडी प्रखण्ड के ग्राम पंचायत रेबर में अडवरिया नदी में सीढ़ी का निर्माण।,"5,00,000",2023,Ongoing
366,सांसद मद ,मांडू,Dadi,रबोध,पंचायत रबोध ग्राम कोदवे में टोला रोयांग में गुलचंद महतो के घर के समीप सांस्कृतिक भवन का निर्माण।,"3,00,000",2023,Ongoing
367,सांसद मद ,हज़ारीबाग,Nagar Pashchimi,वार्ड न0 4,"हजारीबाग नगर क्षेत्र के अन्तर्गत जय प्रकाश नारायण कारागार परिसर में स्मारक के पास शेड, टाईल्स एवं अशोक स्तम्भ का निर्माण। के स्थान हजारीबाग नगर के अन्तर्गत जय प्रकाश नारायण कारागार परिसर में समारक के पास शेडद्व टाईल्स एवं कैदी के दर्द की मूर्ति अधिष्ठापन।","5,00,000",2023,Ongoing
368,सांसद मद ,हज़ारीबाग,Nagar Pashchimi,वार्ड न0 4,वार्ड नं0 04 ग्राम नवडीहा में अर्जुन राम के घर से विनोबा भावे विश्वविद्यालय की चाहरदिवारी तक फेभर ब्लॉक पथ का निर्माण।,"5,00,000",2023,Ongoing
369,सांसद मद ,Covid,Covid,,वैश्विक महामारी कोरोना कोविड-19 से बचाव और पीडितों के ईलाज हेतु सदर/ कटकमसांडी/ कटकमदाग/ बड़कागांव/ केरेडारी/ दारू/ विष्णुगढ़/ टाटीझरिया/ चुरचू/ डाड़ी/ बरही/ चौपारण एवं पदमा को 2.00 लाख रूपये उपलब्ध कराया गया। (13 प्रखण्ड),"26,00,000",2020,Completed
370,खनिज मद ,हज़ारीबाग,Daru,,"प्राथमिक स्वास्थ्य केन्द्र, दारू का सुदृढ़ीकरण से संबंधित कार्य।","14,409,500",2022,Ongoing
371,सांसद मद ,Covid,Covid,,"वैश्विक महामारी कोरोना कोविड-19 से बचाव और पीडितों के ईलाज हेतु उपायुक्त, कोडरमा को उपलब्ध करायी गयी राशि।","10,00,000",2020,Completed
372,सांसद मद ,Covid,Covid,,"वैश्विक महामारी कोरोना कोविड-19 से बचाव और पीडितों के ईलाज हेतु उपायुक्त, चतरा को उपलब्ध करायी गयी राशि।","5,00,000",2020,Completed
373,सांसद मद ,Covid,Covid,,"वैश्विक महामारी कोरोना कोविड-19 से बचाव और पीडितों के ईलाज हेतु उपायुक्त, रामगढ़ को उपलब्ध करायी गयी राशि।","35,00,000",2020,Completed
374,सांसद मद ,Covid,Covid,,"वैश्विक महामारी कोरोना कोविड-19 से बचाव और पीडितों के ईलाज हेतु नजारत उपसमाहर्त्ता, हजारीबाग को उपलब्ध करायी गयी राशि।","1,50,000",2021,Completed
375,सांसद मद ,Covid,Covid,,"वैश्विक महामारी कोरोना कोविड-19 से बचाव और पीडितों के ईलाज हेतु मल्टी लेयर मास्क हेतु जिला समन्वयक, जे0एस0एल0पी0एस0, हजारीबाग को उपलब्ध करायी गयी राशि","4,00,000",2021,Completed
376,खनिज मद ,हज़ारीबाग,Sadar,,"शेख भिखारी मेडिकल कॉलेज अस्पताल, हजारीबाग में कैन्टीन निर्माण कार्य।","4,972,700",2023,Ongoing
377,सांसद मद ,Covid,Covid,,"कलकता पिंजरापोल सोसाईअी की हजारीबाग गौशाला के कारोना आपदा से उत्पन्न हुई समस्याओं के कारण जीवन यापन कर रहे 700 गौवंशों के नहर, भोजन, देख-रेख आदि की व्यवस्था हेतु।","3,00,000",2021,Completed
378,खनिज मद ,हज़ारीबाग,Katkamsandi,,"कटकमसांडी प्रखण्ड के उप स्वास्थ्य केन्द्र, ढौठवा का उन्नयन कार्य।","1,120,500",2023,Ongoing
379,सांसद मद ,Covid,Covid,,"वैश्विक महामारी कोरोना कोविड-19 के निमित्त पी0पी0ई0 कीट का क्रय हेतु उपायुक्त, रामगढ़ को उपलब्ध करायी गयी राशि।","5,00,000",2021,Completed
380,खनिज मद ,हज़ारीबाग,Katkamsandi,,"कटकमसांडी प्रखण्ड के उप स्वास्थ्य केन्द्र, शाहपुर का उन्नयन कार्य।","1,314,400",2023,Ongoing
381,सांसद मद ,Covid,Covid,,"वैश्विक महामारी कोरोना कोविड-19 से बचाव और पीडितों के ईलाज हेतु मल्टी लेयर मास्क हेतु जिला समन्वयक, जे0एस0एल0पी0एस0, हजारीबाग को उपलब्ध करायी गयी राशि। 16666 मास्क","2,99,988",2021,Completed
382,सांसद मद ,Covid,Covid,,"वैश्विक महामारी कोरोना कोविड-19 से बचाव और पीडितों के ईलाज हेतु मल्टी लेयर मास्क हेतु जिला समन्वयक, जे0एस0एल0पी0एस0, हजारीबाग को उपलब्ध करायी गयी राशि। 138700 मास्क (1677280+419320=2096600.00)","20,96,600",2021,Completed
383,खनिज मद ,बड़कागांव,Keredari,,"केरेडारी प्रखण्ड के उप स्वास्थ्य केन्द्र, गर्री का उन्नयन कार्य।","1,047,300",2023,Ongoing
384,सांसद मद ,Covid,Covid,,"वैश्विक महामारी कोरोना कोविड-19 से बचाव एवं रोकथाम के लिए सोनी ग्लोबल सर्विस को जे0एन095 मास्क के लिए जिला नजारत उपसमाहर्त्ता, हजारीबाग को उपलब्ध करायी गयी राशि। (37500 मास्क)","22,48,125",2021,Completed
385,खनिज मद ,बड़कागांव,Keredari,,"केरेडारी प्रखण्ड के उप स्वास्थ्य केन्द्र, मनातु का उन्नयन कार्य।","2,163,600",2023,Ongoing
386,खनिज मद ,हज़ारीबाग,Katkamdag,,"कटकमसांडी प्रखण्ड के प्राथमिक स्वास्थ्य केन्द्र, सुल्ताना का उन्नयन कार्य।","3,475,900",2023,Ongoing
387,सांसद मद ,Covid,Covid,,"अधीक्षक, शेख भिखारी मेडिकल कॉलेज अस्पताल, हजारीबाग","1,71,100",2022,Completed
388,खनिज मद ,हज़ारीबाग,Katkamsandi,,"कटकमसांडी प्रखण्ड के स्वास्थ्य उप केन्द्र, कण्डसार का उन्नयन कार्य।","3,067,550",2023,Ongoing
389,सांसद मद ,Covid,Covid,,"कोविड-19 के बचाव एवं रोकथाम हेतु स्वास्थ्य सुविधाओं को और बेहतर बनाने के निमित्त वेंटीलेटर, ऑक्सीजन सिलिंडर, पी0पी0ई0 किट, मास्क व अन्य चिकित्सा संबंधी आपूर्ति हेतु","20,00,000",2022,Completed
390,खनिज मद ,बरही,Padma,,पदमा प्रखण्ड के प्राथमिक स्वास्थ्य केन्द्र का उन्नयन कार्य।,"3,783,750",2023,Ongoing
391,सांसद मद ,Covid,Covid,,वैश्विक महामारी कोरोना कोविड-19 से संक्रमित मरीजों के स्वास्थ्य सुविधाओं को और सुदृढ़ व बेहतर बनाने हेतु।,"5,00,000",2022,Completed
392,खनिज मद ,बरही,Barhi,,"बरही प्रखण्ड के स्वास्थ्य उप केन्द्र, गरवा का उन्नयन कार्य।","3,111,750",2023,Ongoing
393,सांसद मद ,Covid,Covid,,कोरोना कोविड-19 को देखते हुए आम जनमानस खासकर बुजूर्ग आदि के लिए उच्च गणुवत्ता वाले मल्टी लेयर मास्क/ फेस कवर खरीदे जाने हेतु,"15,00,000",2022,Completed
394,खनिज मद ,हज़ारीबाग,Katkamsandi,,"कटकमसांडी प्रखण्ड के स्वास्थ्य उप केन्द्र, पुण्दरी का उन्नयन कार्य।","1,022,350",2023,Ongoing
395,सांसद मद ,Covid,Covid,,"प्रखण्ड विकास पदाधिकारी, विष्णुगढ़/ कटकमसांडी को सामुदायिक स्वास्थ्य केन्द्र, विष्णुगढ़ एवं कटकमसांडी के मरीजो को ऑक्सीजन सप्लाई हेतु पाईप लाईन निर्माण। (4.00-4.00 लाख रूपये)","8,00,000",2022,Completed
396,खनिज मद ,मांडू,Dadi,,"डाड़ी प्रखण्ड के स्वास्थ्य उप केन्द्र, बलसगरा का उन्नयन कार्य।","1,159,400",2022,Ongoing
397,सांसद मद ,Covid,Covid,,हजारीबाग जिले को कोरोना की तीसरी लहर से निपटने व क्षेत्रवासियों की सुरक्षा के लिए 50000 (पचास हजार) 03 लेयर मास्क का निर्माण।,"7,50,000",2022,Completed
398,सांसद मद ,Covid,Covid,,रामगढ़ जिला में यातायात व्यवस्था सुदृढ़ करने हेतु 05 स्थानों पर यातायात पोस्ट निर्माण हेतु।,"21,71,500",2022,Completed
399,खनिज मद ,मांडू,Dadi,,"डाड़ी प्रखण्ड के स्वास्थ्य उप केन्द्र, हेसालौंग का उन्नयन कार्य।","1,982,350",2022,Ongoing
400,सांसद मद ,मांडू,Dadi,कनकी,"पंचायत कनकी, ग्राम होसिर में तालाब में घाट का निर्माण।","5,00,000",2023,Ongoing
401,सांसद मद ,मांडू,Vishnugarh,बेड़ाहरियारा,"पंचायत बेड़ाहरियारा, ग्राम रमुआ में अरूण कुमार सिन्हा के घर से बिपिन सिन्हा के घर होते हुए डोमन गुप्ता के घर के आगे बौलियागंज तक पी0सी0सी0 पथ निर्माण।","1,25,000",2023,Ongoing
402,खनिज मद ,बरही,Chouparan,,"चौपारण प्रखण्ड के स्वास्थ्य उप केन्द्र, टिटही का उन्नयन कार्य।","2,126,450",2023,Ongoing
403,सांसद मद ,बरही,Barhi,डपोक,ग्राम डपोक में डुंडी तालाब का गहरीकरण।,"5,00,000",2023,Ongoing
404,खनिज मद ,मांडू,Dadi,,"डाड़ी प्रखण्ड के स्वास्थ्य उप केन्द्र, डाड़ी का उन्नयन कार्य।","2,413,700",2023,Ongoing
405,सांसद मद ,बरही,Chouparan,ताजपुर,ग्राम ताजपुर में सिमरिया नहर का गहरीकरण।,"5,00,000",2023,Ongoing
406,खनिज मद ,बरही,Padma,,"पदमा प्रखण्ड के स्वास्थ्य उप केन्द्र, सरैया का उन्नयन कार्य।","1,625,970",2023,Ongoing
407,सांसद मद ,बरही,Padma,बिहारी,ग्राम बिहारी में मडपा नदी में सीढ़ी का निर्माण।,"5,00,000",2023,Ongoing
408,खनिज मद ,बरही,Barhi,,"बरही प्रखण्ड के स्वास्थ्य उप केन्द्र, पंचमाधव का उन्नयन कार्य।","1,536,550",2023,Ongoing
409,सांसद मद ,मांडू,Tatijhariya,धरमपुर,ग्राम खम्भवा में खम्भवा नहर में स्नान घर एवं घाट का निर्माण।,"5,00,000",2023,Ongoing
410,खनिज मद ,बरही,Chouparan,,"चौपारण प्रखण्ड के स्वास्थ्य उप केन्द्र, पाण्डेयवारा का उन्नयन कार्य।","1,750,300",2023,Ongoing
411,सांसद मद ,मांडू,Vishnugarh,जोबर,ग्राम उच्चाधाना में पूर्वा घोघरी तालाब का गहरीकरण एवं सुंदरीकरण।,"5,00,000",2023,Ongoing
412,खनिज मद ,हज़ारीबाग,Sadar,,शेख भिखारी मेडिकल कॉलेज एण्ड अस्पताल हजारीबाग में नाली का निर्माण।,"18,481,700",2023,Ongoing
413,सांसद मद ,मांडू,Vishnugarh,सिरय,ग्राम सरैया टांड में धनष्याम महतो के घर से तालाब तक पी0सी0सी0 पथ निर्माण।,"5,00,000",2023,Ongoing
414,सांसद मद ,मांडू,Churchu,चरही,ग्राम चरही बिरसा मैदान के पीछे तालाब का गहरीकरण एवं सुन्दरीकरण।,"5,00,000",2023,Ongoing
415,सांसद मद ,मांडू,Dadi,बलसगरा,ग्राम बलसगरा तालाब में घाट का निर्माण एवं सुन्दरीकरण।,"5,00,000",2023,Ongoing
416,सांसद मद ,बड़कागांव,Keredari,बेलतु,ग्राम बेलतू में आमरा नहर का गहरीकरण।,"5,00,000",2023,Ongoing
417,सांसद मद ,बड़कागांव,Keredari,केरेडारी,ग्राम ओमे में महतो पोखर का गहरीकरण एवं सुंदरीकरण।,"10,00,000",2023,Ongoing
418,सांसद मद ,हज़ारीबाग,Sadar,सिंघानी,जबरा हाउस के नीचे डैम का गहरीकरण।,"5,00,000",2023,Ongoing
419,सांसद मद ,हज़ारीबाग,Sadar,मोरांगी,ग्राम तुम्बा बड़ा तालाब में घाट का निर्माण।,"5,00,000",2023,Ongoing
420,सांसद मद ,हज़ारीबाग,Daru,ईरगा,ग्राम चिरूवां में बोलिया तालाब में घाट का निर्माण।,"5,00,000",2023,Ongoing
421,सांसद मद ,बरही,Chouparan,सिंघरावाँ,ग्राम टिटही खपिया नहर में घाट एवं षेड का निर्माण एवं सुंदरीकरण।,"5,00,000",2023,Ongoing
422,सांसद मद ,बरही,Chouparan,झापा,ग्राम बेन्दुआरा में परसाही नहर में घाट का निर्माण एवं सुंदरीकरण।,"5,00,000",2023,Ongoing
423,सांसद मद ,बरही,Padma,सरैया,ग्राम सरैया में केवटा नदी में सीढ़ी का निर्माण।,"5,00,000",2023,Ongoing
424,सांसद मद ,मांडू,Tatijhariya,धरमपुर,ग्राम खम्भवा में खम्भवा बांध में स्नान घर एवं घाट का निर्माण।,"5,00,000",2023,Ongoing
425,सांसद मद ,मांडू,Vishnugarh,बेड़ाहरियारा,ग्राम रमुआ में छोटन साव के घर से घाट तक पेभर ब्लॉक का निर्माण।,"5,00,000",2023,Ongoing
426,सांसद मद ,बड़कागांव,Keredari,बेलतु,ग्राम जमीरा निचली तालाब का गहरीकरण एवं सुंदरीकरण।,"5,00,000",2023,Ongoing
427,सांसद मद ,मांडू,Tatijhariya,धरमपुर,ग्राम धरमपुर में षिव मंदिर समीप तालाब में स्नान घर एवं घाट का निर्माण।,"5,00,000",2023,Ongoing
428,सांसद मद ,हज़ारीबाग,Sadar,गुरहेत,ग्राम धवैया में बेला टुंगरी तालाब का गहरीकरण।,"5,00,000",2023,Ongoing
429,सांसद मद ,बड़कागांव,Barkagaon,नापोखुर्द,ग्राम नापोखुर्द में टोला बरवनिया में देव स्थल से लेकर तालाब पूर्वी अहरा तक पी0सी0सी0 पथ निर्माण।,"5,00,000",2023,Ongoing
430,सांसद मद ,बड़कागांव,Barkagaon,सांढ,ग्राम होरम षिवाडीह में भुताही तालाब का गहरीकरण एवं सुदंरीकरण।,"5,00,000",2023,Ongoing
431,सांसद मद ,बरही,Chouparan,रामपुर,ग्राम भगवानपुर में बझारा नहर का गहरीकरण।,"5,00,000",2023,Ongoing
432,सांसद मद ,हज़ारीबाग,Nagar Pashchimi,वार्ड न0 6,हजारीबाग नगर निगम क्षेत्र के अन्तर्गत वार्ड संख्या-06 स्थित पुलिस अधीक्षक आवास के समीप स्वामी विवेकानन्द जी की आदमकद प्रतिमा लगवाने एवं स्थल सुन्दरीकरण।,"10,00,000",2023,Ongoing
433,सांसद मद ,बरही,Padma,सूर्यपूरा,ग्राम परतन में पी0सी0सी0 रोड़ से विवाह भवन होते हुए शौचालय तक पेभर ब्लॉक लगवाने हेतु।,"2,00,000",2023,Ongoing
434,सांसद मद ,बरही,Chandwara,भोंड़ो,चन्दवारा प्रखण्ड के ग्राम व पंचायत भोंडो के बेगादाह नाला में घाट निर्माण एंव चन्दवारा प्रखण्ड के ग्राम व पंचायत भोंडो में सलौनी नहर में घाट का निर्माण।,"18,00,000",2023,Completed
435,सांसद मद ,रामगढ़,Chhawani Parishad,वार्ड न. 8,रामगढ़ छावनी परिषद के वार्ड संख्या 08 बिजुलिया तालाब रोड स्थित रामगढ़ महिला कॉलेज के बगल में एक सांस्कृति भवन का निर्माण।,"5,00,000",2023,Completed
436,सांसद मद ,रामगढ़,Ramgarh Nagar Parishad,घुटुवा,ग्राम घुटवा में बलरूद बेदिया के घर से रेलवे लाईन तक पी0सी0सी0 पथ निर्माण।,"2,00,000",2023,Completed
437,सांसद मद ,बड़कागांव,Patratu,बारिडीह,ग्राम कडरू में उत्क्रमित मध्य विद्यालय कडरू की चाहरदिवारी निर्माण।,"5,00,000",2023,Completed
438,सांसद मद ,रामगढ़,Chhawani Parishad,वार्ड न. 3,रामगढ़ छावनी परिषद के वार्ड संख्या 03 में धमेन्द्र पासी के घर से दामोदर नदी तक पी0सी0सी0 पथ निर्माण।,"5,00,000",2023,Completed
439,सांसद मद ,मांडू,Mandu,कुज्जू दक्षिणी,उज्जवला फाउण्डेशन में महिलाओं को प्रशिक्षण दिलवाने के लिए दो कम्प्यूटर सेट एवं दस सिलाई मशीन का क्रय।,"2,00,000",2023,Completed
440,सांसद मद ,मांडू,Mandu,कुज्जू दक्षिणी,कुज्जू दक्षिणी ग्राम कुज्जू (हेसागढ़ा) में चौथा नदी के किनारे शमशान शेड एवं सीढ़ी निर्माण।,"5,00,000",2023,Completed
441,सांसद मद ,रामगढ़,Chhawani Parishad,वार्ड न. 6,रामगढ़ छावनी परिषद के वार्ड नं0 06 में रामगढ़ ब्लॉक के समीप ओम प्रकाश चौहान के घर से डॉ आरती दिप्ती के घर तक पी0सी0सी0 पथ का निर्माण।,"4,00,000",2023,Completed
442,सांसद मद ,रामगढ़,Chhawani Parishad,वार्ड न. 8,रामगढ़ छावनी परिषद के वाड0 नं0 08 में पटेल धर्मशाला में विवाह भवन का निर्माण।,"10,00,000",2023,Completed
443,खनिज मद ,मांडू,Churchu,,"मार्शल प्राइमरी बुनकर सहयोग समिति लि0, कजरी के भवन मरम्मति कार्य।","1,376,300",2021,Ongoing
444,सांसद मद ,बड़कागांव,Patratu,सौदा बस्ती,सौन्दा बस्ती में पतरवा बांध का गहरीकरण एवं सुन्दरीकरण।,"5,00,000",2023,Completed
445,खनिज मद ,बड़कागांव,Barkagaon,,ग्राम बादम में गुड उत्पादन एवं पैकेजिंग  सेंटर का मरम्मति कार्य।,"3,230,200",2021,Ongoing
446,सांसद मद ,मांडू,Mandu,मंझलाचुम्बा,ग्राम छौटका चुम्बा सरकारी तालाब में घाट का निर्माण।,"5,00,000",2023,Completed
447,सांसद मद ,मांडू,Mandu,नावाडीह,ग्राम नावाडीह बिहारी महतो के जमीन में तालाब का निर्माण।,"5,00,000",2023,Completed
448,सांसद मद ,मांडू,Mandu,केदला उत्तरी,ग्राम दिगवार कनौदा गढ़ा में भर गिरी के तालाब का सुंदरीकरण।,"5,00,000",2023,Completed
449,सांसद मद ,बड़कागांव,Patratu,जयनगर,ग्राम जयनगर बलराम प्रजापति के तालाब का गहरीकरण एवं सुन्दरीकरण।,"5,00,000",2023,Completed
450,सांसद मद ,बड़कागांव,Patratu,भुरकुंडा,ग्राम नीचे धौडा नकारी नदी के घाट पास गेट (तोरण द्वार) का निर्माण।,"5,00,000",2023,Completed
451,सांसद मद ,बड़कागांव,Patratu,लबगा,ग्राम जराद असना कोचा में तालाब का निर्माण।,"5,00,000",2023,Completed
452,सांसद मद ,रामगढ़,Ramgarh Gramin,कुन्दरू कला,ग्राम कुंदरूकला प्रदीप कुमार मेहता के घर से कुरमी तालाब तक नाली का निर्माण।,"5,00,000",2023,Completed
453,सांसद मद ,रामगढ़,Ramgarh Nagar Parishad,दिगवार,"ग्राम दिगवार कनौदा गढ़ा में भर गिरी के तालाब का सुंदरीकरण।""","5,00,000",2023,Completed
454,सांसद मद ,रामगढ़,Dulmi,सोसो,गाम ढुठुवा नाला में घाट का निर्माण।,"5,00,000",2023,Completed
455,सांसद मद ,रामगढ़,Chitarpur,मारंगमरचा,ग्राम मारंगमरचा आजाद शत्रु सिंह के जमीन में तालाब का निर्माण।,"5,00,000",2023,Completed
456,खनिज मद ,बरही,Chouparan,,प्रखण्ड-चौपारण अन्तर्गत चौपारण एनएच 2 सिंधरावॉ से सुन्दर लाल जैन उच्च विद्यालय तक पथ निर्माण,"9,468,600",2021,Ongoing
457,सांसद मद ,रामगढ़,Gola,बंदा,ग्राम मुरपा चेकडैम के बगल नदी में घाट का निर्माण।,"5,00,000",2023,Completed
458,सांसद मद ,रामगढ़,Gola,नावाडीह,ग्राम नावाडीह टोला पुसवाडीह में तालाब का निर्माण।,"5,00,000",2023,Completed
459,सांसद मद ,मांडू,Mandu,कुज्जू दक्षिणी,ग्राम कुज्जू मुरपा कौलेश्वर महतो के तालाब में स्नान घाट का निर्माण।,"5,00,000",2023,Completed
460,खनिज मद ,बड़कागांव,Barkagaon,,प्रखण्ड बड़कागांव अन्तर्गत बाजो महतो के खेत से मंझला बाला होते हुए काण्डतरी पुल तक पथ का निर्माण,"4,946,377",2021,Ongoing
461,सांसद मद ,मांडू,Mandu,सोनडीहा,ग्राम भदवा तालाब में दक्षिण ओर घाट का निर्माण।,"5,00,000",2023,Completed
462,सांसद मद ,रामगढ़,Ramgarh Nagar Parishad,बोंगाबार,ग्राम बोंगाबार भोगता तालाब का गहरीकरण एवं सुन्दरीकरण।,"5,00,000",2023,Completed
463,सांसद मद ,बड़कागांव,Patratu,सौदा बस्ती,ग्राम सौदा बस्ती स्थित बरवा बांध में गोर्डवाल एवं सुन्दीकरण,"5,00,000",2023,Completed
464,सांसद मद ,बड़कागांव,Patratu,पटेलनगर,बैंक मोड जे0एन0 कॉलेज परिसर में पेभर ब्लॉक का निर्माण।,"5,00,000",2023,Completed
465,सांसद मद ,बड़कागांव,Patratu,पाली,ग्राम पाली दीना अम्बा तालाब का गहरीकरण एवं सुंदरीकरण।,"5,00,000",2023,Completed
466,सांसद मद ,रामगढ़,Ramgarh Gramin,कुन्दरू कला,टोला नावाडीह में फुलचंद महतो के जमीन में तालाब का निर्माण।,"5,00,000",2023,Completed
467,सांसद मद ,बड़कागांव,Patratu,पीरी,ग्राम मसमोहना तालाब का गहरीकरण एवं सुंदरीकरण।,"5,00,000",2023,Completed
468,सांसद मद ,रामगढ़,Dulmi,ईचातु,ग्राम जामसिंह तालाब में घाट का निर्माण।,"5,00,000",2023,Completed
469,सांसद मद ,रामगढ़,Chitarpur,चितरपुर उत्तरी,अर्जुन राम के घर से संजय चौरसिया के घर तक पी0सी0सी0 पथ निर्माण।,"5,00,000",2023,Completed
470,सांसद मद ,रामगढ़,Gola,बरियातु,ग्राम कामता विजय कुमार ओझाा के आम बगान स्थित तालाब का गहरीकरण एवं सुंदरीकरण।,"5,00,000",2023,Completed
471,सांसद मद ,रामगढ़,Gola,बरलंगा,ग्राम बरलंगा पखना घाट तालाब का गहरीकरण।,"5,00,000",2023,Completed
472,सांसद मद ,बड़कागांव,Patratu,पतरातु,सरस्वती शिशु विद्या मंदिर पतरातु में दो कमरों का निर्माण।,"5,00,000",2023,Completed
473,सांसद मद ,रामगढ़,Ramgarh Nagar Parishad,सेवटा,ग्राम सेवटा महादेव मुंडा के तालाब का गहरीकरण एवं सुंदरीकरण।,"5,00,000",2023,Completed
474,सांसद मद ,रामगढ़,Chhawani Parishad,वार्ड न. 4,कायेरी टोला (मुडा टोला गढ़ बाबा) तालाब में शेड का निर्माण।,"5,00,000",2023,Completed
475,खनिज मद ,बरही,Chouparan,,पंचायत डेबो आर0ई0ओ0 रोड से जोकाही होते हुए कोरियाडीह स्कूल तक पथ निर्माण,"8,960,100",2022,Ongoing
476,सांसद मद ,बड़कागांव,Patratu,डूडगी,ग्राम दुर्गा बगैता मुहल्ला में बगैता टुपला तालाब का गहरीकरण एवं सुदरीकरण।,"5,00,000",2023,Completed
477,सांसद मद ,बड़कागांव,Patratu,पाली,ग्राम निम्मी टोला स्थित तालाब का सुंदरीकरण।,"5,00,000",2023,Completed
478,सांसद मद ,रामगढ़,Gola,बरलंगा,ग्राम बरलंगा में नव निर्मात दुर्गा मंदिर के समीप एक डीप बोरिंग का अधिष्ठापन व जलमिनारी का निर्माण।,"3,00,000",2023,Completed
479,सांसद मद ,बड़कागांव,Piperwar,बचरा उतरी,ग्राम बचरा में मुंशी महतो के घर के पास तालाब का गहरीकरण एवं सुन्दरीकरण।,"5,00,000",2023,Completed
480,सांसद मद ,बड़कागांव,Piperwar,बचरा दक्षिणी,ग्राम हेमनदाग टोला में मुकेश महतो के जमीन पर तालाब का गहरीकरण एवं सुन्दरीकरण।,"5,00,000",2023,Completed
481,सांसद मद ,मांडू,Dadi,बलसगरा,ग्राम पंचायत बलसगरा में तालाब में घाट का निर्माण।,"6,00,000",2023,Ongoing
482,सांसद मद ,हज़ारीबाग,Katkamsandi,डांड,ग्राम डाड़ बहेरवा तालाब का गहरीकरण एवं सुंदरीकरण।,"5,00,000",2023,Ongoing
483,सांसद मद ,बरही,Chouparan,बेलाही,ग्राम परतापुर गुहिला नहर का गहरीकरण।,"5,00,000",2023,Ongoing
484,सांसद मद ,बड़कागांव,Barkagaon,बादम,ग्राम बादम में बदमाही नदी में घाट का निर्माण।,"5,00,000",2023,Ongoing
485,सांसद मद ,बरही,Chouparan,दादपुर,ग्राम दादपुर टोली तालाब का गहरीकरण।,"5,00,000",2023,Ongoing
486,सांसद मद ,हज़ारीबाग,Daru,ईरगा,ग्राम दारू खरिका में सरस्वती उच्च विद्यालय हेतु एक कमरा एवं चाहरदिवारी।,"5,00,000",2023,Ongoing
487,सांसद मद ,हज़ारीबाग,Daru,जिनगा,ग्राम जिनगा में मंदिर से लेकर जिनगा भुताही नहर के अन्तिम छोर तक गार्डवाल एवं सीढ़ी का निर्माण।,"5,00,000",2023,Ongoing
488,सांसद मद ,बरही,Chouparan,पड़रिया,पड़रिया में बंधिया नहर का गहरीकरण एवं सुन्दरीकरण।,"5,00,000",2023,Ongoing
489,सांसद मद ,हज़ारीबाग,Katkamsandi,कंडसार,ग्राम बेलरगड्डा में मनोज महतो के घर से रणधीर महतो के घर तक पी0सी0सी0 पथ का निर्माण।,"3,00,000",2023,Ongoing
490,सांसद मद ,बरही,Barhi,बरसोत,ग्राम बरसोत में पृथ्वीसागर तालाब में घाट का निर्माण।,"5,00,000",2023,Ongoing
491,सांसद मद ,बरही,Barhi,बरसोत,ग्राम बरसोत में कस्तूरबा गांधी बालिका उच्च विद्यालय सरसोत के परिसर में पेभर ब्लॉक का अधिष्ठापन।,"2,00,000",2023,Ongoing
492,खनिज मद ,मांडू,Tatijhariya,,(पथ 200 मीटर एवं गार्डवाल 150 मीटर),"9,344,300",2022,Ongoing
493,सांसद मद ,हज़ारीबाग,Nagar Pashchimi,वार्ड न0 5,हजारीबाग नगर निगम क्षेत्र के अन्तर्गत वार्ड संख्या-05 के अन्तर्गत एन0एच0-33 में कुलपति आवास के समाने चौक पर भारत देशरत्न डॉ0 राजेन्द्र प्रसाद जी की आदमकद प्रतिमा स्थापित करने की अनुशंसा किया था अब इसके स्थान पर हजारीबाग झील परिसर में प्रेस क्लब के सामने तीन चौराहा पर भरत देशरत्न डॉ0 राजेन्द्र जी की आदमकद प्रतिमा स्थापित करने की अनुशंसा।,"10,00,000",2023,Ongoing
494,सांसद मद ,बरही,Chandwara,पश्चिमी चन्दवारा,ग्राम पंचायत चन्दवारा पष्चिमी में गौरी नदी में घाट निर्माण।,"5,00,000",2023,Ongoing
495,सांसद मद ,बरही,Chandwara,बेन्दी,ग्राम पंचायत बेंदी में अलगडीह में तालाब गहरीकरण।,"5,00,000",2023,Ongoing
496,खनिज मद ,बड़कागांव,Barkagaon,,"प्रखण्ड बड़कागांव, पंचायत गोंदलपुरा के ग्राम गोंदलपुरा दुर्गा मंडप से बस्ती होते हुए दुर्गा मंडप तक पथ निर्माण। (1560 मीटर)","9,967,500",2022,Ongoing
497,खनिज मद ,बरही,Chouparan,,आरईओ रेाड डेबो से सुराही तक पथ निर्माण। (0.850 कि0मी0),"6,485,300",2022,Ongoing
498,खनिज मद ,हज़ारीबाग,Sadar,,चुरचू से कारी टोंगरी तक पथ का निर्माण। (1.800 कि0मी0),"9,893,200",2022,Ongoing
499,खनिज मद ,बड़कागांव,Keredari,,"प्रखण्ड केरेडारी, पंचायत कण्डाबेर माता स्थान से सिरमा तक पथ निर्माण। (1.225 कि0मी0)","9,999,700",2022,Ongoing
500,खनिज मद ,बरही,Chouparan,,पीडब्लूडी चौपारण चतरा रोड छत्रपुरा मोड़ से छत्रपुरा तक पथ निर्माण। (0.850 कि0मी0),"6,640,800",2022,Ongoing
501,खनिज मद ,बरही,Chouparan,,आरईओ रोड सेलहारा कला -सेलहराखुर्द से पीडब्लूडी रोड नावाडीह तक 1.200 कि0मी0 पथ निर्माण।,"9,217,700",2022,Ongoing
502,खनिज मद ,हज़ारीबाग,Daru,,"झारखण्ड बालिका आवासीय विद्यालय, दारू से एन0एच0-100 तक पथ निर्माण।","9,962,400",2022,Ongoing
503,खनिज मद ,बड़कागांव,Barkagaon,,बड़कागांव प्रखण्डन्तर्गत सिरमा पंचायत के पडरिया ग्राम में हहारो नदी पर गार्डवाल निर्माण।,"9,876,600",2023,Ongoing
504,खनिज मद ,बड़कागांव,Barkagaon,,बड़कागांव प्रखण्डन्तर्गत बादम पंचायत का मुख्य पथ का निर्माण। (2.800 कि0मी0),"16,927,600",2023,Ongoing
505,खनिज मद ,बड़कागांव,Keredari,,"करेडारी प्रखण्डन्तर्गत, पंचायत हेवई में सतघरवा पुल से राजेन्द्र पासी के घर होते हुए हेवई मुख्य पथ तक पथ निर्माण। (1.350 किमी )","11,785,800",2023,Ongoing
506,खनिज मद ,बड़कागांव,Keredari,,"केरेडारी प्रखण्डन्तर्गत, पंचायत बरियातू के ग्राम राजबागी से गर्रीखुर्द तक पथ निर्माण (1.400 कि0मी0)","11,490,700",2023,Ongoing
507,खनिज मद ,हज़ारीबाग,Katkamdag,,कटकमदाग प्रखण्डन्तर्गत पंचायत सुल्ताना के ग्राम सुल्ताना में भुनू गोप के घर से जानकी महतो के घर तक पी0सी0सी0 पथ निर्माण। (500 फीट),"1,472,400",2023,Ongoing
508,खनिज मद ,मांडू,Vishnugarh,,"विष्णुगढ़ प्रखण्डन्तर्गत, पंचायत जोबर के ग्राम बंदखारों में जयलाल महतो के घर से आंगनबाड़ी केन्द्र तक पीसीसी पथ निर्माण। (240 फीट)","761,300",2023,Ongoing
509,खनिज मद ,मांडू,Dadi,,ग्राम रबोध में दीपक सिंह के घर से जोधी गंझू के घर तक पथ का निर्माण।,"9,989,800",2023,Ongoing
510,खनिज मद ,मांडू,Churchu,,पंचायत इन्द्रा-06 के ग्राम-बासाडीह के टोला-तरवाटांड़ में बोकारो नदी से नन्दलाल महतो के घर तक पी.सी.सी. पथ निर्माण।,"9,838,300",2023,Ongoing
511,खनिज मद ,बरही,Chouparan,,चौपारण प्रखण्डन्तर्गत ग्राम बेलाटांड से नयाखाप सिरमा तक पथ निर्माण।,"8,040,200",2023,Ongoing
512,खनिज मद ,बरही,Barhi,,बरही प्रखण्डन्तर्गत पंचायत गौरियाकरमा के धोबियाटांड के मुख्य पथ का निर्माण।,"10,968,000",2023,Ongoing
513,खनिज मद ,मांडू,Dadi,,रेलीगढ़ा पूर्वी पंचायत भवन से पहाड़ी होते हुए केन्दुआ टोला तक पथ का निर्माण,"15,939,960",2023,Ongoing
514,खनिज मद ,मांडू,Churchu,,ग्राम-इन्दरा के करमाबेढ़ा शंकर मुर्मू के घर से फौजी होटल एन0एच0-33 तक पक्की पथ निर्माण।,"11,112,970",2023,Ongoing
515,खनिज मद ,मांडू,Vishnugarh,,"ग्राम पंचायत, नागी के ग्राम जमनी जारा में कुबरी आम से लेकर छपरवा तक पी0सी0सी0पथ एवं गार्डवाल निर्माण।","9,451,034",2021,Ongoing
516,खनिज मद ,बड़कागांव,Barkagaon,,डोकाटांड़ टोला मेन रोड से उत्क्रमित स्कूल भाया शांति आश्रम स्कूल तक पथ निर्माण।,"20,415,500",2021,Ongoing
517,खनिज मद ,बरही,Padma,,ग्राम पदमा में केवटा नदी पर उद्वह सिंचाई योजना।,"6,204,900",2021,Ongoing
518,खनिज मद ,बड़कागांव,Barkagaon,,ग्राम कुमारडीह में बदमाही नदी पर उद्वह सिंचाई योजना।,"7,166,600",2016,Ongoing